USE tvondemand2;
SET FOREIGN_KEY_CHECKS=0;

--
-- Dumping data for table `country`
--
INSERT INTO `country` (`country_id`, `country`) VALUES
(1, 'France'),
(2, 'Germany'),
(3, 'Greece'),
(4, 'Italy'),
(5, 'Spain'),
(6, 'United Kingdom');
 
select * from `country`;

--
-- Dumping data for table `city`
--
INSERT INTO `city` (`city_id`, `city`, `country_id`) VALUES 
(1, 'A Corua (La Corua)', 1),
(2, 'Alessandria', 2),
(3, 'Athens', 3),
(4, 'Bergamo', 4),
(5, 'Bradford', 5),
(6, 'Brescia', 6),
(7, 'Brest', 1),
(8, 'Brindisi', 2),
(9, 'Donostia-San Sebastin', 3),
(10, 'Duisburg', 4),
(11, 'Dundee', 5),
(12, 'Erlangen', 6),
(13, 'Gijn', 1),
(14, 'Halle/Saale', 2),
(15, 'Le Mans', 3),
(16, 'Livorno', 4),
(17, 'London', 5),
(18, 'Mannheim', 6),
(19, 'Ourense (Orense)', 1),
(20, 'Patras', 2),
(21, 'Saarbrcken', 3),
(22, 'Santiago de Compostela', 4),
(23, 'Siegen', 5),
(24, 'Southampton', 6),
(25, 'Southend-on-Sea', 1),
(26, 'Southport', 2),
(27, 'Stockport', 3),
(28, 'Syrakusa', 4),
(29, 'Toulon', 5),
(30, 'Toulouse', 6),
(31, 'Udine', 1),
(32, 'Witten', 2),
(33, 'York', 3);

select * from `city`;
--
-- Dumping data for table `address`
--
INSERT INTO `address` (`address_id`, `address`, `district`, `city_id`, `postal_code`, `phone`) VALUES
(1, '692 Joliet Street', 'Attika', 1, '83579', '448477190408'),
(2, '360 Toulouse Parkway', 'England', 2, '54308', '949312333307'),
(3, '127 Purnea (Purnia) Manor', 'Piemonte', 3, '79388', '911872220378'),
(4, '391 Callao Drive', 'Midi-Pyrnes', 4, '34021', '440512153169'),
(5, '939 Probolinggo Loop', 'Galicia', 5, '4166', '680428310138'),
(6, '1557 Ktahya Boulevard', 'England', 6, '88002', '720998247660'),
(7, '1386 Yangor Avenue', 'Provence-Alpes-Cte', 7, '80720', '449216226468'),
(8, '442 Rae Bareli Place', 'Nordrhein-Westfalen', 8, '24321', '886636413768'),
(9, '483 Ljubertsy Parkway', 'Scotland', 9, '60562', '581174211853'),
(10, '1740 Le Mans Loop', 'Pays de la Loire', 10, '22853', '168476538960'),
(11, '1792 Valle de la Pascua Place', 'Nordrhein-Westfalen', 11, '15540', '419419591240'),
(12, '1074 Binzhou Manor', 'Baden-Wrttemberg', 12, '36490', '331132568928'),
(13, '68 Molodetno Manor', 'Nordrhein-Westfalen', 13, '4662', '146640639760'),
(14, '1926 Gingoog Street', 'Sisilia', 14, '22824', '469738825391'),
(15, '430 Alessandria Loop', 'Saarland', 15, '47446', '669828224459'),
(16, '1966 Tonghae Street', 'Anhalt Sachsen', 16, '36481', '567359279425'),
(17, '1497 Yuzhou Drive', 'England', 17, '3433', '246810237916'),
(18, '44 Najafabad Way', 'Baskimaa', 18, '61391', '96604821070'),
(19, '1224 Huejutla de Reyes Boulevard', 'Lombardia', 19, '70923', '806016930576'),

select * from `address`;
--
-- Dumping data for table `user`
--

INSERT INTO `user` (`user_id`, `first_name`, `last_name`, `email`, `address_id`, `active`, `create_date`, `role`, `type_of_reg`) VALUES
(1, 'Aggelos', 'Vouldis', 'aggelos@gmail.com', 20, 1, '2005-06-15 01:25:08', 'customer,admin', 'both'),
(2, 'Timoleon', 'Korosis', 'timoleonkorosis@gmail.com', 589, 1, '2005-06-15 01:25:08', 'customer,admin', 'both'),
(3, 'LINDA', 'WILLIAMS', 'LINDA.WILLIAMS@sakilacustomer.org', 7, 1, '2006-02-14 22:04:36', 'employee', 'series'),
(16, 'SANDRA', 'MARTIN', 'SANDRA.MARTIN@sakilacustomer.org', 20, 0, '2006-02-14 22:04:36', 'customer', 'both'),
(33, 'ANNA', 'HILL', 'ANNA.HILL@sakilacustomer.org', 37, 1, '2006-02-14 22:04:36', 'customer', 'series'),
(35, 'VIRGINIA', 'GREEN', 'VIRGINIA.GREEN@sakilacustomer.org', 39, 1, '2006-02-14 22:04:36', 'customer', 'movies'),
(52, 'JULIE', 'SANCHEZ', 'JULIE.SANCHEZ@sakilacustomer.org', 56, 1, '2006-02-14 22:04:36', 'customer', 'both'),
(85, 'ANNE', 'POWELL', 'ANNE.POWELL@sakilacustomer.org', 89, 1, '2006-02-14 22:04:36', 'employee', 'both'),
(104, 'RITA', 'GRAHAM', 'RITA.GRAHAM@sakilacustomer.org', 108, 1, '2006-02-14 22:04:36', 'customer', 'movies'),
(114, 'GRACE', 'ELLIS', 'GRACE.ELLIS@sakilacustomer.org', 118, 1, '2006-02-14 22:04:36', 'employee', 'series'),
(142, 'APRIL', 'BURNS', 'APRIL.BURNS@sakilacustomer.org', 146, 1, '2006-02-14 22:04:36', 'customer', 'both'),
(162, 'LAUREN', 'HUDSON', 'LAUREN.HUDSON@sakilacustomer.org', 166, 1, '2006-02-14 22:04:36', 'employee', 'both'),
(195, 'VANESSA', 'SIMS', 'VANESSA.SIMS@sakilacustomer.org', 199, 1, '2006-02-14 22:04:36', 'customer', 'movies'),
(196, 'ALMA', 'AUSTIN', 'ALMA.AUSTIN@sakilacustomer.org', 200, 1, '2006-02-14 22:04:36', 'customer', 'series'),
(201, 'VICKI', 'FIELDS', 'VICKI.FIELDS@sakilacustomer.org', 205, 1, '2006-02-14 22:04:36', 'employee', 'both'),
(221, 'BESSIE', 'MORRISON', 'BESSIE.MORRISON@sakilacustomer.org', 225, 1, '2006-02-14 22:04:36', 'customer', 'movies'),
(227, 'COLLEEN', 'BURTON', 'COLLEEN.BURTON@sakilacustomer.org', 231, 1, '2006-02-14 22:04:36', 'employee', 'series'),
(251, 'VICKIE', 'BREWER', 'VICKIE.BREWER@sakilacustomer.org', 255, 1, '2006-02-14 22:04:36', 'customer', 'both'),
(252, 'MATTIE', 'HOFFMAN', 'MATTIE.HOFFMAN@sakilacustomer.org', 256, 1, '2006-02-14 22:04:36', 'customer', 'both'),
(293, 'MAE', 'FLETCHER', 'MAE.FLETCHER@sakilacustomer.org', 298, 1, '2006-02-14 22:04:37', 'employee', 'series'),
(309, 'CHRISTOPHER', 'GRECO', 'CHRISTOPHER.GRECO@sakilacustomer.org', 314, 1, '2006-02-14 22:04:37', 'employee', 'movies'),
(394, 'CHRIS', 'BROTHERS', 'CHRIS.BROTHERS@sakilacustomer.org', 399, 1, '2006-02-14 22:04:37', 'customer', 'both'),
(402, 'LUIS', 'YANEZ', 'LUIS.YANEZ@sakilacustomer.org', 407, 1, '2006-02-14 22:04:37', 'customer', 'both'),
(439, 'ALEXANDER', 'FENNELL', 'ALEXANDER.FENNELL@sakilacustomer.org', 444, 1, '2006-02-14 22:04:37', 'customer', 'both'),
(448, 'MIGUEL', 'BETANCOURT', 'MIGUEL.BETANCOURT@sakilacustomer.org', 453, 1, '2006-02-14 22:04:37', 'customer', 'series'),
(469, 'WESLEY', 'BULL', 'WESLEY.BULL@sakilacustomer.org', 474, 1, '2006-02-14 22:04:37', 'customer', 'both'),
(477, 'DAN', 'PAINE', 'DAN.PAINE@sakilacustomer.org', 482, 1, '2006-02-14 22:04:37', 'customer', 'both'),
(497, 'GILBERT', 'SLEDGE', 'GILBERT.SLEDGE@sakilacustomer.org', 502, 1, '2006-02-14 22:04:37', 'customer', 'both'),
(499, 'MARC', 'OUTLAW', 'MARC.OUTLAW@sakilacustomer.org', 504, 1, '2006-02-14 22:04:37', 'customer', 'both'),
(512, 'CECIL', 'VINES', 'CECIL.VINES@sakilacustomer.org', 517, 1, '2006-02-14 22:04:37', 'customer', 'both'),
(525, 'ADRIAN', 'CLARY', 'ADRIAN.CLARY@sakilacustomer.org', 531, 1, '2006-02-14 22:04:37', 'customer', 'both'),
(541, 'DARREN', 'WINDHAM', 'DARREN.WINDHAM@sakilacustomer.org', 547, 1, '2006-02-14 22:04:37', 'customer', 'movies'),
(549, 'NELSON', 'CHRISTENSON', 'NELSON.CHRISTENSON@sakilacustomer.org', 555, 1, '2006-02-14 22:04:37', 'customer', 'series'),
(556, 'ARMANDO', 'GRUBER', 'ARMANDO.GRUBER@sakilacustomer.org', 562, 1, '2006-02-14 22:04:37', 'customer', 'movies'),
(583, 'MARSHALL', 'THORN', 'MARSHALL.THORN@sakilacustomer.org', 589, 1, '2006-02-14 22:04:37', 'employee', 'both'),
(596, 'ENRIQUE', 'FORSYTHE', 'ENRIQUE.FORSYTHE@sakilacustomer.org', 602, 1, '2006-02-14 22:04:37', 'customer', 'movies');

--
-- Dumping data for table `log`
--

INSERT INTO `log` (`log_id`, `user_id`, `modification_date`, `user_spec`, `action`, `forTable`) VALUES
(106, 1, '2022-02-02 00:00:00', 'admin', 'insert', 'TableSeries'),
(107, 2, '2022-02-02 00:00:00', 'admin', 'update', 'TableMovies'),
(108, 3, '2021-05-05 00:00:00', 'employee', 'delete', 'TableActor'),
(109, 85, '2015-12-24 00:00:00', 'employee', 'update', 'TableMovieCategory'),
(110, 114, '2009-02-14 00:00:00', 'employee', 'update', 'TableLanguage'),
(111, 162, '2022-01-02 00:00:00', 'employee', 'update', 'TableLanguage'),
(112, 201, '2020-11-18 00:00:00', 'employee', 'delete', 'TableAddress'),
(113, 227, '2017-04-28 00:00:00', 'employee', 'update', 'TableMovieActor'),
(114, 293, '2012-08-15 00:00:00', 'employee', 'insert', 'TableUser'),
(115, 309, '2005-04-12 00:00:00', 'employee', 'delete', 'TableCity'),
(116, 583, '2015-12-01 00:00:00', 'employee', 'delete', 'TableCountry'),
(117, 33, '2016-10-16 00:00:00', 'customer', 'update', 'TableAddress'),
(118, 35, '2020-12-14 00:00:00', 'customer', 'delete', 'TablePayment'),
(119, 52, '2022-03-28 00:00:00', 'customer', 'delete', 'TableInventory'),
(120, 104, '2021-09-02 00:00:00', 'customer', 'delete', 'TableInventory'),
(121, 142, '2017-04-08 00:00:00', 'customer', 'update', 'TableAddress'),
(122, 195, '2019-06-17 00:00:00', 'customer', 'insert', 'TableAddress'),
(123, 196, '2021-01-11 00:00:00', 'customer', 'insert', 'TableAddress'),
(124, 221, '2014-11-30 00:00:00', 'customer', 'insert', 'TablePayment'),
(125, 251, '2016-12-27 00:00:00', 'customer', 'insert', 'TablePayment'),
(126, 252, '2021-10-18 00:00:00', 'customer', 'delete', 'TablePayment'),
(127, 394, '2022-06-09 00:00:00', 'customer', 'update', 'TableRental'),
(128, 402, '2021-07-04 00:00:00', 'customer', 'delete', 'TableRental'),
(129, 439, '2020-05-08 00:00:00', 'customer', 'delete', 'TableInventory'),
(130, 448, '2015-08-19 00:00:00', 'customer', 'update', 'TableRental'),
(131, 469, '2017-04-15 00:00:00', 'customer', 'insert', 'TableAddress'),
(132, 477, '2018-09-22 00:00:00', 'customer', 'delete', 'TablePayment'),
(133, 497, '2010-03-03 00:00:00', 'customer', 'update', 'TableAddress'),
(134, 499, '2019-10-29 00:00:00', 'customer', 'insert', 'TableInventory'),
(135, 512, '2017-02-12 00:00:00', 'customer', 'update', 'TablePayment'),
(136, 525, '2021-11-30 00:00:00', 'customer', 'delete', 'TableAddress'),
(137, 541, '2020-01-27 00:00:00', 'customer', 'delete', 'TableAddress'),
(138, 549, '2015-12-15 00:00:00', 'customer', 'insert', 'TableInventory'),
(139, 556, '2017-12-14 00:00:00', 'customer', 'delete', 'TableAddress'),
(140, 596, '2019-06-22 00:00:00', 'customer', 'update', 'TablePayment');

--
-- Dumping data for table `category`
--
INSERT INTO `category` (`category_id`, `name`) VALUES
(1, 'Action'),
(2, 'Animation'),
(3, 'Children'),
(4, 'Classics'),
(5, 'Comedy'),
(6, 'Documentary'),
(7, 'Drama'),
(8, 'Family'),
(9, 'Foreign'),
(10, 'Games'),
(11, 'Horror'),
(12, 'Music'),
(13, 'New'),
(14, 'Sci-Fi'),
(15, 'Sports'),
(16, 'Travel');

--
-- Dumping data for table `language`
--
INSERT INTO `language` (`language_id`, `name`) VALUES
(1, 'English'),
(2, 'Italian'),
(3, 'French'),
(4, 'German');

--
-- Dumping data for table `series`
--
INSERT INTO `series` (`series_id`, `title`, `description`, `release_year`, `language_id`, `rating`, `special_features`, `original_language_id`) VALUES
(21, 'Planet Earth 2', 'David Attenborough returns with a new wildlife documentary that shows life in a variety of habitats', NULL, 1, 'G', NULL, NULL),
(22, 'Breaking Bad', 'A high school chemistry teacher diagnosed with inoperable lung cancer turns to manufacturing and selling methamphetamine in order to secure his family\'s future', NULL, 1, 'R', NULL, NULL),
(23, 'Band of Brothers', 'The story of Easy Company of the U.S. Army 101st Airborne Division and their mission in World War II Europe, from Operation Overlord to V-J Day', NULL, 1, 'PG-13', NULL, NULL),
(24, 'Chernobyl', 'In April 1986, an explosion at the Chernobyl nuclear power plant in the Union of Soviet Socialist Republics becomes one of the world\'s worst man-made catastrophes', NULL, 1, 'R', NULL, NULL),
(25, 'The Wire', 'The Baltimore drug scene, as seen through the eyes of drug dealers and law enforcement', NULL, 1, 'NC-17', NULL, NULL),
(26, 'Blue Planet II', 'David Attenborough returns to the world\'s oceans in this sequel to the acclaimed documentary movieing rare and unusual creatures of the deep, as well as documenting the problems our oceans face', NULL, 1, 'PG', NULL, NULL),
(27, 'Our Planet', 'Documentary series focusing on the breadth of the diversity of habitats around the world, from the remote Arctic wilderness and mysterious deep oceans to the vast landscapes of Africa and diverse jungles of South America', NULL, 1, 'G', NULL, NULL),
(28, 'Avatar: The Last Airbender', 'In a war-torn world of elemental magic, a young boy reawakens to undertake a dangerous mystic quest to fulfill his destiny as the Avatar, and bring peace to the world', NULL, 1, 'G', NULL, NULL),
(29, 'Game of Thrones', 'Nine noble families fight for control over the lands of Westeros, while an ancient enemy returns after being dormant for millennia', NULL, 1, 'NC-17', NULL, NULL),
(30, 'Rick and Morty', 'An animated series that follows the exploits of a super scientist and his not-so-bright grandson', NULL, 1, 'PG-13', NULL, NULL),
(31, 'The Last Dance', 'Charting the rise of the 1990\'s Chicago Bulls, led by Michael Jordan, one of the most notable dynasties in sports history', NULL, 1, 'PG', NULL, NULL),
(32, 'Fullmetal Alchemist: Brotherhood', 'Two brothers search for a Philosopher\'s Stone after an attempt to revive their deceased mother goes awry and leaves them in damaged physical forms', NULL, 1, 'PG-13', NULL, NULL),
(33, 'Arcane', 'Set in utopian Piltover and the oppressed underground of Zaun, the story follows the origins of two iconic League champions-and the power that will tear them apart', NULL, 1, 'G', NULL, NULL),
(34, 'Sherlock', 'A modern update finds the famous sleuth and his doctor partner solving crime in 21st century London', NULL, 1, 'R', NULL, NULL),
(35, 'The Vietnam War', 'A comprehensive history of the United States\' involvement in the bitterly divisive armed conflict in Southeast Asia', NULL, 1, 'PG-13', NULL, NULL),
(36, 'Batman: The Animated Series', 'The Dark Knight battles crime in Gotham City with occasional help from Robin and Batgirl', NULL, 1, 'G', NULL, NULL),
(37, 'Death Note', 'An intelligent high school student goes on a secret crusade to eliminate criminals from the world after discovering a notebook capable of killing anyone whose name is written into it', NULL, 1, 'R', NULL, NULL),
(38, 'True Detective', 'Seasonal anthology series in which police investigations unearth the personal and professional secrets of those involved, both within and outside the law', NULL, 1, 'PG-13', NULL, NULL),
(39, 'Attack on Titan', 'After his hometown is destroyed and his mother is killed, young Eren Jaeger vows to cleanse the earth of the giant humanoid Titans that have brought humanity to the brink of extinction', NULL, 1, 'PG-13', NULL, NULL),
(40, 'The Office', 'A mockumentary on a group of typical office workers, where the workday consists of ego clashes, inappropriate behavior, and tedium', NULL, 1, 'G', NULL, NULL);

--
-- Dumping data for table `season`
--

INSERT INTO `season` (`series_id`, `season_id`, `season_name`) VALUES
(21, 1, 'season1'),
(22, 2, 'season1'),
(22, 3, 'season2'),
(22, 4, 'season3'),
(22, 5, 'season4'),
(22, 6, 'season5'),
(23, 7, 'season1'),
(24, 8, 'season1'),
(25, 9, 'season1'),
(25, 10, 'season2'),
(25, 11, 'season3'),
(25, 12, 'season4'),
(25, 13, 'season5'),
(26, 14, 'season1'),
(27, 15, 'season1'),
(28, 16, 'season1'),
(28, 17, 'season2'),
(28, 18, 'season3'),
(29, 19, 'season1'),
(29, 20, 'season2'),
(29, 21, 'season3'),
(29, 22, 'season4'),
(29, 23, 'season5'),
(30, 24, 'season1'),
(30, 25, 'season2'),
(30, 26, 'season3'),
(30, 27, 'season4'),
(30, 28, 'season5'),
(30, 29, 'season6'),
(31, 30, 'season1'),
(32, 31, 'season1'),
(33, 32, 'season1'),
(34, 33, 'season1'),
(34, 34, 'season2'),
(34, 35, 'season3'),
(34, 36, 'season4'),
(35, 37, 'season1'),
(36, 38, 'season1'),
(36, 39, 'season2'),
(36, 40, 'season3'),
(36, 41, 'season4'),
(37, 42, 'season1'),
(38, 43, 'season1'),
(38, 44, 'season2'),
(38, 45, 'season3'),
(39, 46, 'season1'),
(39, 47, 'season2'),
(39, 48, 'season3'),
(39, 49, 'season4'),
(40, 50, 'season1'),
(40, 51, 'season2'),
(40, 52, 'season3'),
(40, 53, 'season4'),
(40, 54, 'season5'),
(40, 55, 'season6'),
(40, 56, 'season7'),
(40, 57, 'season8'),
(40, 58, 'season9');

--
-- Dumping data for table `episode`
--

INSERT INTO `episode` (`episode_id`, `season_id`, `title`, `description`, `release_date`, `length`, `rating`) VALUES
(1, 1, 'episode1', 'A new wildlife documentary that shows life in a variety of habitats', '2016-11-06 00:00:00', '1hr20mins', 'G'),
(2, 1, 'episode2', 'A new wildlife documentary that shows life in a variety of habitats', '2016-11-06 00:00:00', '1hr20mins', 'G'),
(3, 1, 'episode3', 'A new wildlife documentary that shows life in a variety of habitats', '2016-11-06 00:00:00', '1hr20mins', 'G'),
(4, 1, 'episode4', 'A new wildlife documentary that shows life in a variety of habitats', '2016-11-06 00:00:00', '1hr20mins', 'G'),
(5, 2, 'episode1', 'A high school chemistry teacher diagnosed with inoperable lung cancer turns to manufacturing and selling methamphetamine in order to secure his familys future', '2008-09-28 00:00:00', '45mins', 'R'),
(6, 2, 'episode2', 'A high school chemistry teacher diagnosed with inoperable lung cancer turns to manufacturing and selling methamphetamine in order to secure his familys future', '2008-09-28 00:00:00', '45mins', 'R'),
(7, 2, 'episode3', 'A high school chemistry teacher diagnosed with inoperable lung cancer turns to manufacturing and selling methamphetamine in order to secure his familys future', '2008-09-28 00:00:00', '45mins', 'R'),
(8, 2, 'episode4', 'A high school chemistry teacher diagnosed with inoperable lung cancer turns to manufacturing and selling methamphetamine in order to secure his familys future', '2008-09-28 00:00:00', '45mins', 'R'),
(9, 2, 'episode5', 'A high school chemistry teacher diagnosed with inoperable lung cancer turns to manufacturing and selling methamphetamine in order to secure his familys future', '2008-09-28 00:00:00', '45mins', 'R'),
(10, 2, 'episode6', 'A high school chemistry teacher diagnosed with inoperable lung cancer turns to manufacturing and selling methamphetamine in order to secure his familys future', '2008-09-28 00:00:00', '45mins', 'R'),
(11, 3, 'episode1', 'A high school chemistry teacher diagnosed with inoperable lung cancer turns to manufacturing and selling methamphetamine in order to secure his familys future', '2009-12-19 00:00:00', '45mins', 'R'),
(12, 3, 'episode2', 'A high school chemistry teacher diagnosed with inoperable lung cancer turns to manufacturing and selling methamphetamine in order to secure his familys future', '2009-12-19 00:00:00', '45mins', 'R'),
(13, 3, 'episode3', 'A high school chemistry teacher diagnosed with inoperable lung cancer turns to manufacturing and selling methamphetamine in order to secure his familys future', '2009-12-19 00:00:00', '45mins', 'R'),
(14, 4, 'episode1', 'A high school chemistry teacher diagnosed with inoperable lung cancer turns to manufacturing and selling methamphetamine in order to secure his familys future', '2010-03-21 00:00:00', '45mins', 'R'),
(15, 4, 'episode2', 'A high school chemistry teacher diagnosed with inoperable lung cancer turns to manufacturing and selling methamphetamine in order to secure his familys future', '2010-03-21 00:00:00', '45mins', 'R'),
(16, 4, 'episode3', 'A high school chemistry teacher diagnosed with inoperable lung cancer turns to manufacturing and selling methamphetamine in order to secure his familys future', '2010-03-21 00:00:00', '45mins', 'R'),
(17, 4, 'episode4', 'A high school chemistry teacher diagnosed with inoperable lung cancer turns to manufacturing and selling methamphetamine in order to secure his familys future', '2010-03-21 00:00:00', '45mins', 'R'),
(18, 5, 'episode1', 'A high school chemistry teacher diagnosed with inoperable lung cancer turns to manufacturing and selling methamphetamine in order to secure his familys future', '2011-07-17 00:00:00', '45mins', 'R'),
(19, 5, 'episode2', 'A high school chemistry teacher diagnosed with inoperable lung cancer turns to manufacturing and selling methamphetamine in order to secure his familys future', '2011-07-17 00:00:00', '45mins', 'R'),
(20, 5, 'episode3', 'A high school chemistry teacher diagnosed with inoperable lung cancer turns to manufacturing and selling methamphetamine in order to secure his familys future', '2011-07-17 00:00:00', '45mins', 'R'),
(21, 6, 'episode1', 'A high school chemistry teacher diagnosed with inoperable lung cancer turns to manufacturing and selling methamphetamine in order to secure his familys future', '2012-11-01 00:00:00', '45mins', 'R'),
(22, 6, 'episode2', 'A high school chemistry teacher diagnosed with inoperable lung cancer turns to manufacturing and selling methamphetamine in order to secure his familys future', '2012-11-01 00:00:00', '45mins', 'R'),
(23, 6, 'episode3', 'A high school chemistry teacher diagnosed with inoperable lung cancer turns to manufacturing and selling methamphetamine in order to secure his familys future', '2012-11-01 00:00:00', '45mins', 'R'),
(24, 6, 'episode4', 'A high school chemistry teacher diagnosed with inoperable lung cancer turns to manufacturing and selling methamphetamine in order to secure his familys future', '2012-11-01 00:00:00', '45mins', 'R'),
(25, 7, 'episode1', 'The story of Easy Company of the U.S. Army 101st Airborne Division', '2001-10-05 00:00:00', '50mins', 'PG-13'),
(26, 7, 'episode2', 'The story of Easy Company of the U.S. Army 101st Airborne Division', '2001-10-05 00:00:00', '50mins', 'PG-13'),
(27, 7, 'episode3', 'The story of Easy Company of the U.S. Army 101st Airborne Division', '2001-10-05 00:00:00', '50mins', 'PG-13'),
(28, 7, 'episode4', 'The story of Easy Company of the U.S. Army 101st Airborne Division', '2001-10-05 00:00:00', '50mins', 'PG-13'),
(29, 7, 'episode5', 'The story of Easy Company of the U.S. Army 101st Airborne Division', '2001-10-05 00:00:00', '50mins', 'PG-13'),
(30, 8, 'episode1', 'In April 1986, an explosion at the Chernobyl nuclear power plant in the Union of Soviet Socialist Republics becomes one of the worlds worst man-made catastrophes', '2019-05-07 00:00:00', '50mins', 'R'),
(31, 8, 'episode2', 'In April 1986, an explosion at the Chernobyl nuclear power plant in the Union of Soviet Socialist Republics becomes one of the worlds worst man-made catastrophes', '2019-05-07 00:00:00', '50mins', 'R'),
(32, 8, 'episode3', 'In April 1986, an explosion at the Chernobyl nuclear power plant in the Union of Soviet Socialist Republics becomes one of the worlds worst man-made catastrophes', '2019-05-07 00:00:00', '50mins', 'R'),
(33, 8, 'episode4', 'In April 1986, an explosion at the Chernobyl nuclear power plant in the Union of Soviet Socialist Republics becomes one of the worlds worst man-made catastrophes', '2019-05-07 00:00:00', '50mins', 'R'),
(34, 8, 'episode5', 'In April 1986, an explosion at the Chernobyl nuclear power plant in the Union of Soviet Socialist Republics becomes one of the worlds worst man-made catastrophes', '2019-05-07 00:00:00', '50mins', 'R'),
(35, 8, 'episode6', 'In April 1986, an explosion at the Chernobyl nuclear power plant in the Union of Soviet Socialist Republics becomes one of the worlds worst man-made catastrophes', '2019-05-07 00:00:00', '50mins', 'R'),
(36, 8, 'episode7', 'In April 1986, an explosion at the Chernobyl nuclear power plant in the Union of Soviet Socialist Republics becomes one of the worlds worst man-made catastrophes', '2019-05-07 00:00:00', '50mins', 'R'),
(37, 9, 'episode1', 'The Baltimore drug scene, as seen through the eyes of drug dealers and law enforcement', '2002-01-12 00:00:00', '1hr', 'NC-17'),
(38, 9, 'episode2', 'The Baltimore drug scene, as seen through the eyes of drug dealers and law enforcement', '2002-01-12 00:00:00', '1hr', 'NC-17'),
(39, 9, 'episode3', 'The Baltimore drug scene, as seen through the eyes of drug dealers and law enforcement', '2002-01-12 00:00:00', '1hr', 'NC-17'),
(40, 10, 'episode1', 'The Baltimore drug scene, as seen through the eyes of drug dealers and law enforcement', '2003-01-01 00:00:00', '1hr', 'NC-17'),
(41, 10, 'episode2', 'The Baltimore drug scene, as seen through the eyes of drug dealers and law enforcement', '2003-01-01 00:00:00', '1hr', 'NC-17'),
(42, 10, 'episode3', 'The Baltimore drug scene, as seen through the eyes of drug dealers and law enforcement', '2003-01-01 00:00:00', '1hr', 'NC-17'),
(43, 11, 'episode1', 'The Baltimore drug scene, as seen through the eyes of drug dealers and law enforcement', '2004-09-19 00:00:00', '1hr', 'NC-17'),
(44, 11, 'episode2', 'The Baltimore drug scene, as seen through the eyes of drug dealers and law enforcement', '2004-09-19 00:00:00', '1hr', 'NC-17'),
(45, 11, 'episode3', 'The Baltimore drug scene, as seen through the eyes of drug dealers and law enforcement', '2004-09-19 00:00:00', '1hr', 'NC-17'),
(46, 12, 'episode1', 'The Baltimore drug scene, as seen through the eyes of drug dealers and law enforcement', '2006-09-10 00:00:00', '1hr', 'NC-17'),
(47, 12, 'episode2', 'The Baltimore drug scene, as seen through the eyes of drug dealers and law enforcement', '2006-09-10 00:00:00', '1hr', 'NC-17'),
(48, 12, 'episode3', 'The Baltimore drug scene, as seen through the eyes of drug dealers and law enforcement', '2006-09-10 00:00:00', '1hr', 'NC-17'),
(49, 13, 'episode1', 'The Baltimore drug scene, as seen through the eyes of drug dealers and law enforcement', '2008-01-06 00:00:00', '1hr', 'NC-17'),
(50, 13, 'episode2', 'The Baltimore drug scene, as seen through the eyes of drug dealers and law enforcement', '2008-01-06 00:00:00', '1hr', 'NC-17'),
(51, 14, 'episode1', 'David Attenborough returns to the worlds oceans', '2017-11-19 00:00:00', '1hr20mins', 'PG'),
(52, 14, 'episode2', 'David Attenborough returns to the worlds oceans', '2017-11-19 00:00:00', '1hr20mins', 'PG'),
(53, 14, 'episode3', 'David Attenborough returns to the worlds oceans', '2017-11-19 00:00:00', '1hr20mins', 'PG'),
(54, 14, 'episode4', 'David Attenborough returns to the worlds oceans', '2017-11-19 00:00:00', '1hr20mins', 'PG'),
(55, 15, 'episode1', 'Documentary series focusing on the breadth of the diversity of habitats around the world', '2019-04-05 00:00:00', '1hr20mins', 'G'),
(56, 15, 'episode2', 'Documentary series focusing on the breadth of the diversity of habitats around the world', '2019-04-05 00:00:00', '1hr20mins', 'G'),
(57, 16, 'episode1', 'In a war-torn world of elemental magic, a young boy reawakens to undertake a dangerous mystic quest', '2005-02-21 00:00:00', '20mins', 'G'),
(58, 16, 'episode2', 'In a war-torn world of elemental magic, a young boy reawakens to undertake a dangerous mystic quest', '2005-02-21 00:00:00', '20mins', 'G'),
(59, 16, 'episode3', 'In a war-torn world of elemental magic, a young boy reawakens to undertake a dangerous mystic quest', '2005-02-21 00:00:00', '20mins', 'G'),
(60, 17, 'episode1', 'In a war-torn world of elemental magic, a young boy reawakens to undertake a dangerous mystic quest', '2006-03-24 00:00:00', '20mins', 'G'),
(61, 17, 'episode2', 'In a war-torn world of elemental magic, a young boy reawakens to undertake a dangerous mystic quest', '2006-03-24 00:00:00', '20mins', 'G'),
(62, 17, 'episode3', 'In a war-torn world of elemental magic, a young boy reawakens to undertake a dangerous mystic quest', '2006-03-24 00:00:00', '20mins', 'G'),
(63, 17, 'episode4', 'In a war-torn world of elemental magic, a young boy reawakens to undertake a dangerous mystic quest', '2006-03-24 00:00:00', '20mins', 'G'),
(64, 18, 'episode1', 'In a war-torn world of elemental magic, a young boy reawakens to undertake a dangerous mystic quest', '2007-09-21 00:00:00', '20mins', 'G'),
(65, 18, 'episode2', 'In a war-torn world of elemental magic, a young boy reawakens to undertake a dangerous mystic quest', '2007-09-21 00:00:00', '20mins', 'G'),
(66, 19, 'episode1', 'Nine noble families fight for control over the lands of Westeros, while an ancient enemy returns after being dormant for millennia', '2011-04-18 00:00:00', '1hr30mins', 'NC-17'),
(67, 19, 'episode2', 'Nine noble families fight for control over the lands of Westeros, while an ancient enemy returns after being dormant for millennia', '2011-04-18 00:00:00', '1hr30mins', 'NC-17'),
(68, 20, 'episode1', 'Nine noble families fight for control over the lands of Westeros, while an ancient enemy returns after being dormant for millennia', '2012-04-02 00:00:00', '1hr30mins', 'NC-17'),
(69, 20, 'episode2', 'Nine noble families fight for control over the lands of Westeros, while an ancient enemy returns after being dormant for millennia', '2012-04-02 00:00:00', '1hr30mins', 'NC-17'),
(70, 21, 'episode1', 'Nine noble families fight for control over the lands of Westeros, while an ancient enemy returns after being dormant for millennia', '2013-04-01 00:00:00', '1hr', 'NC-17'),
(71, 21, 'episode2', 'Nine noble families fight for control over the lands of Westeros, while an ancient enemy returns after being dormant for millennia', '2013-04-01 00:00:00', '1hr', 'NC-17'),
(72, 22, 'episode1', 'Nine noble families fight for control over the lands of Westeros, while an ancient enemy returns after being dormant for millennia', '2014-04-01 00:00:00', '1hr', 'NC-17'),
(73, 22, 'episode2', 'Nine noble families fight for control over the lands of Westeros, while an ancient enemy returns after being dormant for millennia', '2014-04-01 00:00:00', '1hr', 'NC-17'),
(74, 23, 'episode1', 'Nine noble families fight for control over the lands of Westeros, while an ancient enemy returns after being dormant for millennia', '2015-04-13 00:00:00', '1hr', 'NC-17'),
(75, 23, 'episode2', 'Nine noble families fight for control over the lands of Westeros, while an ancient enemy returns after being dormant for millennia', '2015-04-13 00:00:00', '1hr', 'NC-17'),
(76, 24, 'episode1', 'The exploits of a super scientist and his not-so-bright grandson', '2013-09-04 00:00:00', '22mins', 'PG-13'),
(77, 24, 'episode2', 'The exploits of a super scientist and his not-so-bright grandson', '2013-09-04 00:00:00', '22mins', 'PG-13'),
(78, 24, 'episode3', 'The exploits of a super scientist and his not-so-bright grandson', '2013-09-04 00:00:00', '22mins', 'PG-13'),
(79, 25, 'episode1', 'The exploits of a super scientist and his not-so-bright grandson', '2015-09-10 00:00:00', '22mins', 'PG-13'),
(80, 25, 'episode2', 'The exploits of a super scientist and his not-so-bright grandson', '2015-09-10 00:00:00', '22mins', 'PG-13'),
(81, 25, 'episode3', 'The exploits of a super scientist and his not-so-bright grandson', '2015-09-10 00:00:00', '22mins', 'PG-13'),
(82, 26, 'episode1', 'The exploits of a super scientist and his not-so-bright grandson', '2017-04-01 00:00:00', '22mins', 'PG-13'),
(83, 26, 'episode2', 'The exploits of a super scientist and his not-so-bright grandson', '2017-04-01 00:00:00', '22mins', 'PG-13'),
(84, 26, 'episode3', 'The exploits of a super scientist and his not-so-bright grandson', '2017-04-01 00:00:00', '22mins', 'PG-13'),
(85, 27, 'episode1', 'The exploits of a super scientist and his not-so-bright grandson', '2019-11-20 00:00:00', '22mins', 'PG-13'),
(86, 27, 'episode2', 'The exploits of a super scientist and his not-so-bright grandson', '2019-11-20 00:00:00', '22mins', 'PG-13'),
(87, 27, 'episode3', 'The exploits of a super scientist and his not-so-bright grandson', '2019-11-20 00:00:00', '22mins', 'PG-13'),
(88, 28, 'episode1', 'The exploits of a super scientist and his not-so-bright grandson', '2021-07-21 00:00:00', '22mins', 'PG-13'),
(89, 28, 'episode2', 'The exploits of a super scientist and his not-so-bright grandson', '2021-07-21 00:00:00', '22mins', 'PG-13'),
(90, 28, 'episode3', 'The exploits of a super scientist and his not-so-bright grandson', '2021-07-21 00:00:00', '22mins', 'PG-13'),
(91, 29, 'episode1', 'The exploits of a super scientist and his not-so-bright grandson', '2022-07-20 00:00:00', '22mins', 'PG-13'),
(92, 29, 'episode2', 'The exploits of a super scientist and his not-so-bright grandson', '2022-07-20 00:00:00', '22mins', 'PG-13'),
(93, 29, 'episode3', 'The exploits of a super scientist and his not-so-bright grandson', '2022-07-20 00:00:00', '22mins', 'PG-13'),
(94, 30, 'episode1', 'the rise of the 1990s Chicago Bulls, led by Michael Jordan', '2020-04-20 00:00:00', '55mins', 'PG'),
(95, 30, 'episode2', 'the rise of the 1990s Chicago Bulls, led by Michael Jordan', '2020-04-20 00:00:00', '55mins', 'PG'),
(96, 30, 'episode3', 'the rise of the 1990s Chicago Bulls, led by Michael Jordan', '2020-04-20 00:00:00', '55mins', 'PG'),
(97, 31, 'episode1', 'Two brothers search for a Philosophers Stone', '2009-04-05 00:00:00', '22mins', 'PG-13'),
(98, 31, 'episode2', 'Two brothers search for a Philosophers Stone', '2009-04-05 00:00:00', '22mins', 'PG-13'),
(99, 31, 'episode3', 'Two brothers search for a Philosophers Stone', '2009-04-05 00:00:00', '22mins', 'PG-13'),
(100, 32, 'episode1', 'the story of two iconic League champions and the power that will tear them apart', '2021-11-07 00:00:00', '25mins', 'G'),
(101, 32, 'episode2', 'the story of two iconic League champions and the power that will tear them apart', '2021-11-07 00:00:00', '25mins', 'G'),
(102, 32, 'episode3', 'the story of two iconic League champions and the power that will tear them apart', '2021-11-07 00:00:00', '25mins', 'G'),
(103, 33, 'episode1', 'A modern update finds the famous sleuth and his doctor partner solving crime in 21st century London', '2010-07-25 00:00:00', '1hr20mins', 'R'),
(104, 33, 'episode2', 'A modern update finds the famous sleuth and his doctor partner solving crime in 21st century London', '2010-07-25 00:00:00', '1hr20mins', 'R'),
(105, 33, 'episode3', 'A modern update finds the famous sleuth and his doctor partner solving crime in 21st century London', '2010-07-25 00:00:00', '1hr20mins', 'R'),
(106, 34, 'episode1', 'A modern update finds the famous sleuth and his doctor partner solving crime in 21st century London', '2012-01-01 00:00:00', '1hr', 'R'),
(107, 34, 'episode2', 'A modern update finds the famous sleuth and his doctor partner solving crime in 21st century London', '2012-01-01 00:00:00', '1hr', 'R'),
(108, 34, 'episode3', 'A modern update finds the famous sleuth and his doctor partner solving crime in 21st century London', '2012-01-01 00:00:00', '1hr', 'R'),
(109, 35, 'episode1', 'A modern update finds the famous sleuth and his doctor partner solving crime in 21st century London', '2014-01-01 00:00:00', '1hr20mins', 'R'),
(110, 35, 'episode2', 'A modern update finds the famous sleuth and his doctor partner solving crime in 21st century London', '2014-01-01 00:00:00', '1hr20mins', 'R'),
(111, 35, 'episode3', 'A modern update finds the famous sleuth and his doctor partner solving crime in 21st century London', '2014-01-01 00:00:00', '1hr20mins', 'R'),
(112, 36, 'episode1', 'A modern update finds the famous sleuth and his doctor partner solving crime in 21st century London', '2017-01-01 00:00:00', '1hr10mins', 'R'),
(113, 36, 'episode2', 'A modern update finds the famous sleuth and his doctor partner solving crime in 21st century London', '2017-01-01 00:00:00', '1hr10mins', 'R'),
(114, 36, 'episode3', 'A modern update finds the famous sleuth and his doctor partner solving crime in 21st century London', '2017-01-01 00:00:00', '1hr10mins', 'R'),
(115, 37, 'episode1', 'A comprehensive history of the United States involvement in the bitterly divisive armed conflict in Southeast Asia', '2017-09-25 00:00:00', '1hr', 'PG-13'),
(116, 37, 'episode2', 'A comprehensive history of the United States involvement in the bitterly divisive armed conflict in Southeast Asia', '2017-09-25 00:00:00', '1hr', 'PG-13'),
(117, 37, 'episode3', 'A comprehensive history of the United States involvement in the bitterly divisive armed conflict in Southeast Asia', '2017-09-25 00:00:00', '1hr', 'PG-13'),
(118, 38, 'episode1', 'The Dark Knight battles crime in Gotham City', '1992-09-05 00:00:00', '25mins', 'G'),
(119, 38, 'episode2', 'The Dark Knight battles crime in Gotham City', '1992-09-05 00:00:00', '25mins', 'G'),
(120, 38, 'episode3', 'The Dark Knight battles crime in Gotham City', '1992-09-05 00:00:00', '25mins', 'G'),
(121, 39, 'episode1', 'The Dark Knight battles crime in Gotham City', '1993-10-02 00:00:00', '25mins', 'G'),
(122, 39, 'episode2', 'The Dark Knight battles crime in Gotham City', '1993-10-02 00:00:00', '25mins', 'G'),
(123, 39, 'episode3', 'The Dark Knight battles crime in Gotham City', '1993-10-02 00:00:00', '25mins', 'G'),
(124, 40, 'episode1', 'The Dark Knight battles crime in Gotham City', '1994-05-02 00:00:00', '25mins', 'G'),
(125, 40, 'episode2', 'The Dark Knight battles crime in Gotham City', '1994-05-02 00:00:00', '25mins', 'G'),
(126, 40, 'episode3', 'The Dark Knight battles crime in Gotham City', '1994-05-02 00:00:00', '25mins', 'G'),
(127, 41, 'episode1', 'The Dark Knight battles crime in Gotham City', '1995-09-11 00:00:00', '25mins', 'G'),
(128, 41, 'episode2', 'The Dark Knight battles crime in Gotham City', '1995-09-11 00:00:00', '25mins', 'G'),
(129, 41, 'episode3', 'The Dark Knight battles crime in Gotham City', '1995-09-11 00:00:00', '25mins', 'G'),
(130, 42, 'episode1', 'An intelligent high school student goes on a secret crusade to eliminate criminals from the world after discovering a notebook capable of killing anyone whose name is written into it', '2006-10-10 00:00:00', '1hr', 'R'),
(131, 42, 'episode2', 'An intelligent high school student goes on a secret crusade to eliminate criminals from the world after discovering a notebook capable of killing anyone whose name is written into it', '2006-10-10 00:00:00', '1hr', 'R'),
(132, 42, 'episode3', 'An intelligent high school student goes on a secret crusade to eliminate criminals from the world after discovering a notebook capable of killing anyone whose name is written into it', '2006-10-10 00:00:00', '1hr', 'R'),
(133, 43, 'episode1', 'Seasonal anthology series in which police investigations unearth the personal and professional secrets of those involved', '2014-02-22 00:00:00', '50mins', 'PG-13'),
(134, 43, 'episode2', 'Seasonal anthology series in which police investigations unearth the personal and professional secrets of those involved', '2014-02-22 00:00:00', '50mins', 'PG-13'),
(135, 43, 'episode3', 'Seasonal anthology series in which police investigations unearth the personal and professional secrets of those involved', '2014-02-22 00:00:00', '50mins', 'PG-13'),
(136, 44, 'episode1', 'Seasonal anthology series in which police investigations unearth the personal and professional secrets of those involved', '2015-06-21 00:00:00', '50mins', 'PG-13'),
(137, 44, 'episode2', 'Seasonal anthology series in which police investigations unearth the personal and professional secrets of those involved', '2015-06-21 00:00:00', '50mins', 'PG-13'),
(138, 44, 'episode3', 'Seasonal anthology series in which police investigations unearth the personal and professional secrets of those involved', '2015-06-21 00:00:00', '50mins', 'PG-13'),
(139, 45, 'episode1', 'Seasonal anthology series in which police investigations unearth the personal and professional secrets of those involved', '2019-01-13 00:00:00', '50mins', 'PG-13'),
(140, 45, 'episode2', 'Seasonal anthology series in which police investigations unearth the personal and professional secrets of those involved', '2019-01-13 00:00:00', '50mins', 'PG-13'),
(141, 45, 'episode3', 'Seasonal anthology series in which police investigations unearth the personal and professional secrets of those involved', '2019-01-13 00:00:00', '50mins', 'PG-13'),
(142, 46, 'episode1', 'After his hometown is destroyed and his mother is killed, young Eren Jaeger vows to cleanse the earth of the giant humanoid Titans', '2014-09-14 00:00:00', '25mins', 'PG-13'),
(143, 46, 'episode2', 'After his hometown is destroyed and his mother is killed, young Eren Jaeger vows to cleanse the earth of the giant humanoid Titans', '2014-09-14 00:00:00', '25mins', 'PG-13'),
(144, 46, 'episode3', 'After his hometown is destroyed and his mother is killed, young Eren Jaeger vows to cleanse the earth of the giant humanoid Titans', '2014-09-14 00:00:00', '25mins', 'PG-13'),
(145, 47, 'episode1', 'After his hometown is destroyed and his mother is killed, young Eren Jaeger vows to cleanse the earth of the giant humanoid Titans', '2017-04-01 00:00:00', '25mins', 'PG-13'),
(146, 47, 'episode2', 'After his hometown is destroyed and his mother is killed, young Eren Jaeger vows to cleanse the earth of the giant humanoid Titans', '2017-04-01 00:00:00', '25mins', 'PG-13'),
(147, 47, 'episode3', 'After his hometown is destroyed and his mother is killed, young Eren Jaeger vows to cleanse the earth of the giant humanoid Titans', '2017-04-01 00:00:00', '25mins', 'PG-13'),
(148, 48, 'episode1', 'After his hometown is destroyed and his mother is killed, young Eren Jaeger vows to cleanse the earth of the giant humanoid Titans', '2018-07-23 00:00:00', '25mins', 'PG-13'),
(149, 48, 'episode2', 'After his hometown is destroyed and his mother is killed, young Eren Jaeger vows to cleanse the earth of the giant humanoid Titans', '2018-07-23 00:00:00', '25mins', 'PG-13'),
(150, 48, 'episode3', 'After his hometown is destroyed and his mother is killed, young Eren Jaeger vows to cleanse the earth of the giant humanoid Titans', '2018-07-23 00:00:00', '25mins', 'PG-13'),
(151, 49, 'episode1', 'After his hometown is destroyed and his mother is killed, young Eren Jaeger vows to cleanse the earth of the giant humanoid Titans', '2020-12-07 00:00:00', '25mins', 'PG-13'),
(152, 49, 'episode2', 'After his hometown is destroyed and his mother is killed, young Eren Jaeger vows to cleanse the earth of the giant humanoid Titans', '2020-12-07 00:00:00', '25mins', 'PG-13'),
(153, 49, 'episode3', 'After his hometown is destroyed and his mother is killed, young Eren Jaeger vows to cleanse the earth of the giant humanoid Titans', '2020-12-07 00:00:00', '25mins', 'PG-13'),
(154, 50, 'episode1', 'A mockumentary on a group of typical office workers', '2005-12-19 00:00:00', '20mins', 'G'),
(155, 50, 'episode2', 'A mockumentary on a group of typical office workers', '2005-12-19 00:00:00', '20mins', 'G'),
(156, 50, 'episode3', 'A mockumentary on a group of typical office workers', '2005-12-19 00:00:00', '20mins', 'G'),
(157, 51, 'episode1', 'A mockumentary on a group of typical office workers', '2005-09-20 00:00:00', '20mins', 'G'),
(158, 51, 'episode2', 'A mockumentary on a group of typical office workers', '2005-09-20 00:00:00', '20mins', 'G'),
(159, 51, 'episode3', 'A mockumentary on a group of typical office workers', '2005-09-20 00:00:00', '20mins', 'G'),
(160, 52, 'episode1', 'A mockumentary on a group of typical office workers', '2006-09-28 00:00:00', '20mins', 'G'),
(161, 52, 'episode2', 'A mockumentary on a group of typical office workers', '2006-09-28 00:00:00', '20mins', 'G'),
(162, 52, 'episode3', 'A mockumentary on a group of typical office workers', '2006-09-28 00:00:00', '20mins', 'G'),
(163, 53, 'episode1', 'A mockumentary on a group of typical office workers', '2007-09-27 00:00:00', '20mins', 'G'),
(164, 53, 'episode2', 'A mockumentary on a group of typical office workers', '2007-09-27 00:00:00', '20mins', 'G'),
(165, 53, 'episode3', 'A mockumentary on a group of typical office workers', '2007-09-27 00:00:00', '20mins', 'G'),
(166, 54, 'episode1', 'A mockumentary on a group of typical office workers', '2008-09-25 00:00:00', '20mins', 'G'),
(167, 54, 'episode2', 'A mockumentary on a group of typical office workers', '2008-09-25 00:00:00', '20mins', 'G'),
(168, 54, 'episode3', 'A mockumentary on a group of typical office workers', '2008-09-25 00:00:00', '20mins', 'G'),
(169, 55, 'episode1', 'A mockumentary on a group of typical office workers', '2009-09-24 00:00:00', '20mins', 'G'),
(170, 55, 'episode2', 'A mockumentary on a group of typical office workers', '2009-09-24 00:00:00', '20mins', 'G'),
(171, 55, 'episode3', 'A mockumentary on a group of typical office workers', '2009-09-24 00:00:00', '20mins', 'G'),
(172, 56, 'episode1', 'A mockumentary on a group of typical office workers', '2010-09-23 00:00:00', '20mins', 'G'),
(173, 56, 'episode2', 'A mockumentary on a group of typical office workers', '2010-09-23 00:00:00', '20mins', 'G'),
(174, 56, 'episode3', 'A mockumentary on a group of typical office workers', '2010-09-23 00:00:00', '20mins', 'G'),
(175, 57, 'episode1', 'A mockumentary on a group of typical office workers', '2011-09-22 00:00:00', '20mins', 'G'),
(176, 57, 'episode2', 'A mockumentary on a group of typical office workers', '2011-09-22 00:00:00', '20mins', 'G'),
(177, 57, 'episode3', 'A mockumentary on a group of typical office workers', '2011-09-22 00:00:00', '20mins', 'G'),
(178, 58, 'episode1', 'A mockumentary on a group of typical office workers', '2012-09-27 00:00:00', '20mins', 'G'),
(179, 58, 'episode2', 'A mockumentary on a group of typical office workers', '2012-09-27 00:00:00', '20mins', 'G'),
(180, 58, 'episode3', 'A mockumentary on a group of typical office workers', '2012-09-27 00:00:00', '20mins', 'G');

--
-- Dumping data for table `series_category`
--
INSERT INTO `series_category` (`series_id`, `category_id`) VALUES
(22, 1),
(25, 1),
(29, 1),
(34, 1),
(38, 1),
(28, 2),
(30, 2),
(32, 2),
(33, 2),
(36, 2),
(40, 5),
(21, 6),
(26, 6),
(27, 6),
(23, 7),
(24, 7),
(35, 7),
(31, 8),
(39, 9),
(37, 11);

--
-- Dumping data for table `movie`
--

INSERT INTO `movie` (`movie_id`, `title`, `description`, `release_year`, `language_id`, `original_language_id`, `length`, `rating`, `special_features`) VALUES
(1, 'ACADEMY DINOSAUR', 'A Epic Drama of a Feminist And a Mad Scientist who must Battle a Teacher in The Canadian Rockies', 2006, 1, NULL, 86, 'PG', 'Deleted Scenes,Behind the Scenes'),
(19, 'AMADEUS HOLY', 'A Emotional Display of a Pioneer And a Technical Writer who must Battle a Man in A Baloon', 2006, 1, NULL, 113, 'PG', 'Commentaries,Deleted Scenes,Behind the Scenes'),
(23, 'ANACONDA CONFESSIONS', 'A Lacklusture Display of a Dentist And a Dentist who must Fight a Girl in Australia', 2006, 1, NULL, 92, 'R', 'Trailers,Deleted Scenes'),
(25, 'ANGELS LIFE', 'A Thoughtful Display of a Woman And a Astronaut who must Battle a Robot in Berlin', 2006, 1, NULL, 74, 'G', 'Trailers'),
(29, 'ANTITRUST TOMATOES', 'A Fateful Yarn of a Womanizer And a Feminist who must Succumb a Database Administrator in Ancient India', 2006, 3, NULL, 168, 'NC-17', 'Trailers,Commentaries,Deleted Scenes'),
(30, 'ANYTHING SAVANNAH', 'A Epic Story of a Pastry Chef And a Woman who must Chase a Feminist in An Abandoned Fun House', 2006, 1, NULL, 82, 'R', 'Trailers,Deleted Scenes,Behind the Scenes'),
(31, 'APACHE DIVINE', 'A Awe-Inspiring Reflection of a Pastry Chef And a Teacher who must Overcome a Sumo Wrestler in A U-Boat', 2006, 3, NULL, 92, 'NC-17', 'Commentaries,Deleted Scenes,Behind the Scenes'),
(42, 'ARTIST COLDBLOODED', 'A Stunning Reflection of a Robot And a Moose who must Challenge a Woman in California', 2006, 1, NULL, 170, 'NC-17', 'Trailers,Behind the Scenes'),
(56, 'BAREFOOT MANCHURIAN', 'A Intrepid Story of a Cat And a Student who must Vanquish a Girl in An Abandoned Amusement Park', 2006, 1, 3, 129, 'G', 'Trailers,Commentaries'),
(60, 'BEAST HUNCHBACK', 'A Awe-Inspiring Epistle of a Student And a Squirrel who must Defeat a Boy in Ancient China', 2006, 1, NULL, 89, 'R', 'Deleted Scenes,Behind the Scenes'),
(67, 'BERETS AGENT', 'A Taut Saga of a Crocodile And a Boy who must Overcome a Technical Writer in Ancient China', 2006, 1, NULL, 77, 'PG-13', 'Deleted Scenes'),
(79, 'BLADE POLISH', 'A Thoughtful Character Study of a Frisbee And a Pastry Chef who must Fight a Dentist in The First Manned Space Station', 2006, 1, NULL, 114, 'PG-13', 'Trailers,Behind the Scenes'),
(105, 'BULL SHAWSHANK', 'A Fanciful Drama of a Moose And a Squirrel who must Conquer a Pioneer in The Canadian Rockies', 2006, 1, NULL, 125, 'NC-17', 'Deleted Scenes'),
(112, 'CALENDAR GUNFIGHT', 'A Thrilling Drama of a Frisbee And a Lumberjack who must Sink a Man in Nigeria', 2006, 1, NULL, 120, 'NC-17', 'Trailers,Commentaries,Behind the Scenes'),
(140, 'CHEAPER CLYDE', 'A Emotional Character Study of a Pioneer And a Girl who must Discover a Dog in Ancient Japan', 2006, 1, NULL, 87, 'G', 'Trailers,Commentaries,Behind the Scenes'),
(145, 'CHISUM BEHAVIOR', 'A Epic Documentary of a Sumo Wrestler And a Butler who must Kill a Car in Ancient India', 2006, 1, NULL, 124, 'G', 'Trailers,Commentaries,Behind the Scenes'),
(164, 'COAST RAINBOW', 'A Astounding Documentary of a Mad Cow And a Pioneer who must Challenge a Butler in The Sahara Desert', 2006, 1, NULL, 55, 'PG', 'Trailers,Commentaries,Deleted Scenes,Behind the Scenes'),
(165, 'COLDBLOODED DARLING', 'A Brilliant Panorama of a Dentist And a Moose who must Find a Student in The Gulf of Mexico', 2006, 1, NULL, 70, 'G', 'Trailers,Deleted Scenes'),
(170, 'COMMAND DARLING', 'A Awe-Inspiring Tale of a Forensic Psychologist And a Woman who must Challenge a Database Administrator in Ancient Japan', 2006, 1, NULL, 120, 'PG-13', 'Behind the Scenes'),
(172, 'CONEHEADS SMOOCHY', 'A Touching Story of a Womanizer And a Composer who must Pursue a Husband in Nigeria', 2006, 1, NULL, 112, 'NC-17', 'Deleted Scenes,Behind the Scenes'),
(173, 'CONFESSIONS MAGUIRE', 'A Insightful Story of a Car And a Boy who must Battle a Technical Writer in A Baloon', 2006, 1, NULL, 65, 'PG-13', 'Behind the Scenes'),
(179, 'CONQUERER NUTS', 'A Taut Drama of a Mad Scientist And a Man who must Escape a Pioneer in An Abandoned Mine Shaft', 2006, 1, 3, 173, 'G', 'Commentaries,Deleted Scenes,Behind the Scenes'),
(191, 'CROOKED FROGMEN', 'A Unbelieveable Drama of a Hunter And a Database Administrator who must Battle a Crocodile in An Abandoned Amusement Park', 2006, 1, NULL, 143, 'PG-13', 'Commentaries,Deleted Scenes,Behind the Scenes'),
(193, 'CROSSROADS CASUALTIES', 'A Intrepid Documentary of a Sumo Wrestler And a Astronaut who must Battle a Composer in The Outback', 2006, 2, NULL, 153, 'G', 'Trailers,Commentaries,Behind the Scenes'),
(200, 'CURTAIN VIDEOTAPE', 'A Boring Reflection of a Dentist And a Mad Cow who must Chase a Secret Agent in A Shark Tank', 2006, 1, NULL, 133, 'PG-13', 'Trailers,Commentaries,Deleted Scenes,Behind the Scenes'),
(202, 'DADDY PITTSBURGH', 'A Epic Story of a A Shark And a Student who must Confront a Explorer in The Gulf of Mexico', 2006, 1, NULL, 161, 'G', 'Deleted Scenes,Behind the Scenes'),
(203, 'DAISY MENAGERIE', 'A Fast-Paced Saga of a Pastry Chef And a Monkey who must Sink a Composer in Ancient India', 2006, 1, NULL, 84, 'G', 'Trailers,Commentaries,Behind the Scenes'),
(204, 'DALMATIONS SWEDEN', 'A Emotional Epistle of a Moose And a Hunter who must Overcome a Robot in A Manhattan Penthouse', 2006, 2, NULL, 106, 'PG', 'Trailers,Commentaries,Deleted Scenes'),
(218, 'DECEIVER BETRAYED', 'A Taut Story of a Moose And a Squirrel who must Build a Husband in Ancient India', 2006, 1, NULL, 122, 'NC-17', 'Trailers,Commentaries,Deleted Scenes,Behind the Scenes'),
(225, 'DESTINATION JERK', 'A Beautiful Yarn of a Teacher And a Cat who must Build a Car in A U-Boat', 2006, 1, NULL, 76, 'PG-13', 'Trailers,Commentaries,Behind the Scenes'),
(236, 'DIVINE RESURRECTION', 'A Boring Character Study of a Man And a Womanizer who must Succumb a Teacher in An Abandoned Amusement Park', 2006, 1, 2, 100, 'R', 'Trailers,Commentaries'),
(249, 'DRACULA CRYSTAL', 'A Thrilling Reflection of a Feminist And a Cat who must Find a Frisbee in An Abandoned Fun House', 2006, 3, NULL, 176, 'G', 'Commentaries'),
(251, 'DRAGONFLY STRANGERS', 'A Boring Documentary of a Pioneer And a Man who must Vanquish a Man in Nigeria', 2006, 1, NULL, 133, 'NC-17', 'Trailers,Behind the Scenes'),
(255, 'DRIVING POLISH', 'A Action-Packed Yarn of a Feminist And a Technical Writer who must Sink a Boat in An Abandoned Mine Shaft', 2006, 4, NULL, 175, 'NC-17', 'Trailers,Deleted Scenes'),
(263, 'DURHAM PANKY', 'A Brilliant Panorama of a Girl And a Boy who must Face a Mad Scientist in An Abandoned Mine Shaft', 2006, 1, NULL, 154, 'R', 'Trailers,Commentaries'),
(286, 'ENOUGH RAGING', 'A Astounding Character Study of a Boat And a Secret Agent who must Find a Mad Cow in The Sahara Desert', 2006, 1, 4, 158, 'NC-17', 'Commentaries'),
(288, 'ESCAPE METROPOLIS', 'A Taut Yarn of a Astronaut And a Technical Writer who must Outgun a Boat in New Orleans', 2006, 1, NULL, 167, 'R', 'Trailers'),
(289, 'EVE RESURRECTION', 'A Awe-Inspiring Yarn of a Pastry Chef And a Database Administrator who must Challenge a Teacher in A Baloon', 2006, 1, NULL, 66, 'G', 'Trailers,Commentaries,Deleted Scenes'),
(292, 'EXCITEMENT EVE', 'A Brilliant Documentary of a Monkey And a Car who must Conquer a Crocodile in A Shark Tank', 2006, 1, NULL, 51, 'G', 'Commentaries'),
(314, 'FIGHT JAWBREAKER', 'A Intrepid Panorama of a Womanizer And a Girl who must Escape a Girl in A Manhattan Penthouse', 2006, 1, NULL, 91, 'R', 'Trailers,Commentaries,Deleted Scenes,Behind the Scenes'),
(329, 'FORREST SONS', 'A Thrilling Documentary of a Forensic Psychologist And a Butler who must Defeat a Explorer in A Jet Boat', 2006, 1, 3, 63, 'R', 'Commentaries'),
(336, 'FRENCH HOLIDAY', 'A Thrilling Epistle of a Dog And a Feminist who must Kill a Madman in Berlin', 2006, 1, NULL, 99, 'PG', 'Behind the Scenes'),
(341, 'FROST HEAD', 'A Amazing Reflection of a Lumberjack And a Cat who must Discover a Husband in A MySQL Convention', 2006, 1, 2, 82, 'PG', 'Trailers,Deleted Scenes'),
(361, 'GLEAMING JAWBREAKER', 'A Amazing Display of a Composer And a Forensic Psychologist who must Discover a Car in The Canadian Rockies', 2006, 1, NULL, 89, 'NC-17', 'Trailers,Commentaries'),
(366, 'GOLDFINGER SENSIBILITY', 'A Insightful Drama of a Mad Scientist And a Hunter who must Defeat a Pastry Chef in New Orleans', 2006, 4, NULL, 93, 'G', 'Trailers,Commentaries,Behind the Scenes'),
(369, 'GOODFELLAS SALUTE', 'A Unbelieveable Tale of a Dog And a Explorer who must Sink a Mad Cow in A Baloon Factory', 2006, 1, NULL, 56, 'PG', 'Deleted Scenes'),
(379, 'GREEDY ROOTS', 'A Amazing Reflection of a A Shark And a Butler who must Chase a Hunter in The Canadian Rockies', 2006, 1, NULL, 166, 'R', 'Trailers,Commentaries,Deleted Scenes'),
(383, 'GROOVE FICTION', 'A Unbelieveable Reflection of a Moose And a A Shark who must Defeat a Lumberjack in An Abandoned Mine Shaft', 2006, 1, 4, 111, 'NC-17', 'Behind the Scenes'),
(393, 'HALLOWEEN NUTS', 'A Amazing Panorama of a Forensic Psychologist And a Technical Writer who must Fight a Dentist in A U-Boat', 2006, 1, NULL, 47, 'PG-13', 'Deleted Scenes'),
(398, 'HANOVER GALAXY', 'A Stunning Reflection of a Girl And a Secret Agent who must Succumb a Boy in A MySQL Convention', 2006, 1, NULL, 47, 'NC-17', 'Commentaries,Deleted Scenes,Behind the Scenes'),
(434, 'HORROR REIGN', 'A Touching Documentary of a A Shark And a Car who must Build a Husband in Nigeria', 2006, 1, NULL, 139, 'R', 'Deleted Scenes,Behind the Scenes'),
(438, 'HUMAN GRAFFITI', 'A Beautiful Reflection of a Womanizer And a Sumo Wrestler who must Chase a Database Administrator in The Gulf of Mexico', 2006, 1, NULL, 68, 'NC-17', 'Trailers,Behind the Scenes'),
(441, 'HUNTER ALTER', 'A Emotional Drama of a Mad Cow And a Boat who must Redeem a Secret Agent in A Shark Tank', 2006, 1, NULL, 125, 'PG-13', 'Commentaries,Deleted Scenes,Behind the Scenes'),
(453, 'IMAGE PRINCESS', 'A Lacklusture Panorama of a Secret Agent And a Crocodile who must Discover a Madman in The Canadian Rockies', 2006, 1, NULL, 178, 'PG-13', 'Trailers,Commentaries,Deleted Scenes'),
(477, 'JAWBREAKER BROOKLYN', 'A Stunning Reflection of a Boat And a Pastry Chef who must Succumb a A Shark in A Jet Boat', 2006, 4, NULL, 118, 'PG', 'Trailers,Behind the Scenes'),
(480, 'JEEPERS WEDDING', 'A Astounding Display of a Composer And a Dog who must Kill a Pastry Chef in Soviet Georgia', 2006, 1, NULL, 84, 'R', 'Trailers,Commentaries,Deleted Scenes'),
(481, 'JEKYLL FROGMEN', 'A Fanciful Epistle of a Student And a Astronaut who must Kill a Waitress in A Shark Tank', 2006, 1, NULL, 58, 'PG', 'Commentaries,Deleted Scenes,Behind the Scenes'),
(503, 'KRAMER CHOCOLATE', 'A Amazing Yarn of a Robot And a Pastry Chef who must Redeem a Mad Scientist in The Outback', 2006, 1, NULL, 171, 'R', 'Trailers'),
(506, 'LADY STAGE', 'A Beautiful Character Study of a Woman And a Man who must Pursue a Explorer in A U-Boat', 2006, 1, NULL, 67, 'PG', 'Trailers,Deleted Scenes,Behind the Scenes'),
(514, 'LEBOWSKI SOLDIERS', 'A Beautiful Epistle of a Secret Agent And a Pioneer who must Chase a Astronaut in Ancient China', 2006, 1, NULL, 69, 'PG-13', 'Commentaries,Deleted Scenes'),
(517, 'LESSON CLEOPATRA', 'A Emotional Display of a Man And a Explorer who must Build a Boy in A Manhattan Penthouse', 2006, 1, NULL, 167, 'NC-17', 'Deleted Scenes,Behind the Scenes'),
(518, 'LIAISONS SWEET', 'A Boring Drama of a A Shark And a Explorer who must Redeem a Waitress in The Canadian Rockies', 2006, 1, NULL, 140, 'PG', 'Commentaries,Behind the Scenes'),
(519, 'LIBERTY MAGNIFICENT', 'A Boring Drama of a Student And a Cat who must Sink a Technical Writer in A Baloon', 2006, 1, NULL, 138, 'G', 'Commentaries,Deleted Scenes,Behind the Scenes'),
(522, 'LIFE TWISTED', 'A Thrilling Reflection of a Teacher And a Composer who must Find a Man in The First Manned Space Station', 2006, 1, NULL, 137, 'NC-17', 'Commentaries,Deleted Scenes'),
(539, 'LUCK OPUS', 'A Boring Display of a Moose And a Squirrel who must Outrace a Teacher in A Shark Tank', 2006, 1, NULL, 152, 'NC-17', 'Trailers,Commentaries,Behind the Scenes'),
(540, 'LUCKY FLYING', 'A Lacklusture Character Study of a A Shark And a Man who must Find a Forensic Psychologist in A U-Boat', 2006, 2, NULL, 97, 'PG-13', 'Trailers,Commentaries,Behind the Scenes'),
(550, 'MAGUIRE APACHE', 'A Fast-Paced Reflection of a Waitress And a Hunter who must Defeat a Forensic Psychologist in A Baloon', 2006, 1, NULL, 74, 'NC-17', 'Trailers,Commentaries'),
(554, 'MALKOVICH PET', 'A Intrepid Reflection of a Waitress And a A Shark who must Kill a Squirrel in The Outback', 2006, 1, NULL, 159, 'G', 'Behind the Scenes'),
(555, 'MALLRATS UNITED', 'A Thrilling Yarn of a Waitress And a Dentist who must Find a Hunter in A Monastery', 2006, 1, NULL, 133, 'PG', 'Trailers,Commentaries,Deleted Scenes'),
(571, 'METAL ARMAGEDDON', 'A Thrilling Display of a Lumberjack And a Crocodile who must Meet a Monkey in A Baloon Factory', 2006, 1, NULL, 161, 'PG-13', 'Trailers,Commentaries,Deleted Scenes'),
(616, 'NATIONAL STORY', 'A Taut Epistle of a Mad Scientist And a Girl who must Escape a Monkey in California', 2006, 1, NULL, 92, 'NC-17', 'Trailers'),
(618, 'NECKLACE OUTBREAK', 'A Astounding Epistle of a Database Administrator And a Mad Scientist who must Pursue a Cat in California', 2006, 4, NULL, 132, 'PG', 'Trailers,Commentaries,Behind the Scenes'),
(633, 'OCTOBER SUBMARINE', 'A Taut Epistle of a Monkey And a Boy who must Confront a Husband in A Jet Boat', 2006, 1, NULL, 54, 'PG-13', 'Trailers,Commentaries,Behind the Scenes'),
(637, 'OPEN AFRICAN', 'A Lacklusture Drama of a Secret Agent And a Explorer who must Discover a Car in A U-Boat', 2006, 1, NULL, 131, 'PG', 'Trailers,Commentaries'),
(665, 'PATTON INTERVIEW', 'A Thrilling Documentary of a Composer And a Secret Agent who must Succumb a Cat in Berlin', 2006, 1, NULL, 175, 'PG', 'Commentaries'),
(691, 'POSEIDON FOREVER', 'A Thoughtful Epistle of a Womanizer And a Monkey who must Vanquish a Dentist in A Monastery', 2006, 4, NULL, 159, 'PG-13', 'Commentaries'),
(692, 'POTLUCK MIXED', 'A Beautiful Story of a Dog And a Technical Writer who must Outgun a Student in A Baloon', 2006, 1, NULL, 179, 'G', 'Behind the Scenes'),
(703, 'PUNK DIVORCE', 'A Fast-Paced Tale of a Pastry Chef And a Boat who must Face a Frisbee in The Canadian Rockies', 2006, 1, NULL, 100, 'PG', 'Trailers,Commentaries,Deleted Scenes'),
(714, 'RANDOM GO', 'A Fateful Drama of a Frisbee And a Student who must Confront a Cat in A Shark Tank', 2006, 1, NULL, 73, 'NC-17', 'Trailers'),
(721, 'REDS POCUS', 'A Lacklusture Yarn of a Sumo Wrestler And a Squirrel who must Redeem a Monkey in Soviet Georgia', 2006, 1, NULL, 182, 'PG-13', 'Trailers,Behind the Scenes'),
(730, 'RIDGEMONT SUBMARINE', 'A Unbelieveable Drama of a Waitress And a Composer who must Sink a Mad Cow in Ancient Japan', 2006, 1, 2, 46, 'PG-13', 'Commentaries,Deleted Scenes,Behind the Scenes'),
(732, 'RINGS HEARTBREAKERS', 'A Amazing Yarn of a Sumo Wrestler And a Boat who must Conquer a Waitress in New Orleans', 2006, 1, NULL, 58, 'G', 'Trailers,Commentaries,Behind the Scenes'),
(758, 'SAINTS BRIDE', 'A Fateful Tale of a Technical Writer And a Composer who must Pursue a Explorer in The Gulf of Mexico', 2006, 2, NULL, 125, 'G', 'Deleted Scenes'),
(770, 'SCISSORHANDS SLUMS', 'A Awe-Inspiring Drama of a Girl And a Technical Writer who must Meet a Feminist in The Canadian Rockies', 2006, 2, NULL, 147, 'G', 'Commentaries,Deleted Scenes,Behind the Scenes'),
(771, 'SCORPION APOLLO', 'A Awe-Inspiring Documentary of a Technical Writer And a Husband who must Meet a Monkey in An Abandoned Fun House', 2006, 1, NULL, 137, 'NC-17', 'Commentaries,Deleted Scenes'),
(782, 'SHAKESPEARE SADDLE', 'A Fast-Paced Panorama of a Lumberjack And a Database Administrator who must Defeat a Madman in A MySQL Convention', 2006, 1, NULL, 60, 'PG-13', 'Commentaries,Behind the Scenes'),
(798, 'SILVERADO GOLDFINGER', 'A Stunning Epistle of a Sumo Wrestler And a Man who must Challenge a Waitress in Ancient India', 2006, 1, NULL, 74, 'PG', 'Trailers,Commentaries'),
(806, 'SLEEPY JAPANESE', 'A Emotional Epistle of a Moose And a Composer who must Fight a Technical Writer in The Outback', 2006, 1, NULL, 137, 'PG', 'Trailers,Commentaries,Deleted Scenes'),
(811, 'SMILE EARRING', 'A Intrepid Drama of a Teacher And a Butler who must Build a Pastry Chef in Berlin', 2006, 1, NULL, 60, 'G', 'Commentaries,Behind the Scenes'),
(826, 'SPEED SUIT', 'A Brilliant Display of a Frisbee And a Mad Scientist who must Succumb a Robot in Ancient China', 2006, 1, NULL, 124, 'PG-13', 'Commentaries,Behind the Scenes'),
(841, 'STAR OPERATION', 'A Insightful Character Study of a Girl And a Car who must Pursue a Mad Cow in A Shark Tank', 2006, 1, NULL, 181, 'PG', 'Commentaries'),
(846, 'STING PERSONAL', 'A Fanciful Drama of a Frisbee And a Dog who must Fight a Madman in A Jet Boat', 2006, 1, NULL, 93, 'NC-17', 'Commentaries,Deleted Scenes,Behind the Scenes'),
(858, 'SUBMARINE BED', 'A Amazing Display of a Car And a Monkey who must Fight a Teacher in Soviet Georgia', 2006, 1, NULL, 127, 'R', 'Trailers'),
(859, 'SUGAR WONKA', 'A Touching Story of a Dentist And a Database Administrator who must Conquer a Astronaut in An Abandoned Amusement Park', 2006, 1, NULL, 114, 'PG', 'Trailers,Commentaries,Behind the Scenes'),
(865, 'SUNRISE LEAGUE', 'A Beautiful Epistle of a Madman And a Butler who must Face a Crocodile in A Manhattan Penthouse', 2006, 3, NULL, 135, 'PG-13', 'Behind the Scenes'),
(873, 'SWEETHEARTS SUSPECTS', 'A Brilliant Character Study of a Frisbee And a Sumo Wrestler who must Confront a Woman in The Gulf of Mexico', 2006, 1, NULL, 108, 'G', 'Trailers,Commentaries,Deleted Scenes,Behind the Scenes'),
(895, 'TOMORROW HUSTLER', 'A Thoughtful Story of a Moose And a Husband who must Face a Secret Agent in The Sahara Desert', 2006, 1, NULL, 142, 'R', 'Commentaries'),
(900, 'TOWN ARK', 'A Awe-Inspiring Documentary of a Moose And a Madman who must Meet a Dog in An Abandoned Mine Shaft', 2006, 1, 4, 136, 'R', 'Behind the Scenes'),
(901, 'TRACY CIDER', 'A Touching Reflection of a Database Administrator And a Madman who must Build a Lumberjack in Nigeria', 2006, 1, NULL, 142, 'G', 'Trailers,Commentaries,Behind the Scenes'),
(902, 'TRADING PINOCCHIO', 'A Emotional Character Study of a Student And a Explorer who must Discover a Frisbee in The First Manned Space Station', 2006, 1, NULL, 170, 'PG', 'Trailers,Deleted Scenes,Behind the Scenes'),
(903, 'TRAFFIC HOBBIT', 'A Amazing Epistle of a Squirrel And a Lumberjack who must Succumb a Database Administrator in A U-Boat', 2006, 1, NULL, 139, 'G', 'Trailers,Commentaries'),
(914, 'TROUBLE DATE', 'A Lacklusture Panorama of a Forensic Psychologist And a Woman who must Kill a Explorer in Ancient Japan', 2006, 1, NULL, 61, 'PG', 'Trailers,Commentaries,Behind the Scenes'),
(924, 'UNFORGIVEN ZOOLANDER', 'A Taut Epistle of a Monkey And a Sumo Wrestler who must Vanquish a A Shark in A Baloon Factory', 2006, 1, NULL, 129, 'PG', 'Trailers,Commentaries,Behind the Scenes'),
(926, 'UNTOUCHABLES SUNRISE', 'A Amazing Documentary of a Woman And a Astronaut who must Outrace a Teacher in An Abandoned Fun House', 2006, 1, NULL, 120, 'NC-17', 'Trailers,Deleted Scenes'),
(929, 'USUAL UNTOUCHABLES', 'A Touching Display of a Explorer And a Lumberjack who must Fight a Forensic Psychologist in A Shark Tank', 2006, 4, NULL, 128, 'PG-13', 'Trailers,Commentaries,Behind the Scenes'),
(930, 'VACATION BOONDOCK', 'A Fanciful Character Study of a Secret Agent And a Mad Scientist who must Reach a Teacher in Australia', 2006, 1, NULL, 145, 'R', 'Commentaries'),
(936, 'VANISHING ROCKY', 'A Brilliant Reflection of a Man And a Woman who must Conquer a Pioneer in A MySQL Convention', 2006, 1, NULL, 123, 'NC-17', 'Trailers,Commentaries,Behind the Scenes'),
(939, 'VERTIGO NORTHWEST', 'A Unbelieveable Display of a Mad Scientist And a Mad Scientist who must Outgun a Mad Cow in Ancient Japan', 2006, 1, NULL, 90, 'R', 'Commentaries,Behind the Scenes'),
(957, 'WAR NOTTING', 'A Boring Drama of a Teacher And a Sumo Wrestler who must Challenge a Secret Agent in The Canadian Rockies', 2006, 1, NULL, 80, 'G', 'Deleted Scenes,Behind the Scenes'),
(964, 'WATERFRONT DELIVERANCE', 'A Unbelieveable Documentary of a Dentist And a Technical Writer who must Build a Womanizer in Nigeria', 2006, 4, NULL, 61, 'G', 'Behind the Scenes'),
(966, 'WEDDING APOLLO', 'A Action-Packed Tale of a Student And a Waitress who must Conquer a Lumberjack in An Abandoned Mine Shaft', 2006, 1, NULL, 70, 'PG', 'Trailers'),
(967, 'WEEKEND PERSONAL', 'A Fast-Paced Documentary of a Car And a Butler who must Find a Frisbee in A Jet Boat', 2006, 1, NULL, 134, 'R', 'Trailers,Commentaries,Deleted Scenes,Behind the Scenes'),
(970, 'WESTWARD SEABISCUIT', 'A Lacklusture Tale of a Butler And a Husband who must Face a Boy in Ancient China', 2006, 1, NULL, 52, 'NC-17', 'Commentaries,Deleted Scenes'),
(971, 'WHALE BIKINI', 'A Intrepid Story of a Pastry Chef And a Database Administrator who must Kill a Feminist in A MySQL Convention', 2006, 3, NULL, 109, 'PG-13', 'Commentaries,Deleted Scenes,Behind the Scenes'),
(974, 'WILD APOLLO', 'A Beautiful Story of a Monkey And a Sumo Wrestler who must Conquer a A Shark in A MySQL Convention', 2006, 1, NULL, 181, 'R', 'Trailers,Commentaries,Deleted Scenes,Behind the Scenes');


--
-- Dumping data for table `actor`
--
INSERT INTO `actor` (`actor_id`, `first_name`, `last_name`) VALUES
(1, 'PENELOPE', 'GUINESS'),
(2, 'NICK', 'WAHLBERG'),
(3, 'ED', 'CHASE'),
(4, 'JENNIFER', 'DAVIS'),
(5, 'JOHNNY', 'LOLLOBRIGIDA'),
(6, 'BETTE', 'NICHOLSON'),
(7, 'GRACE', 'MOSTEL'),
(8, 'MATTHEW', 'JOHANSSON'),
(9, 'JOE', 'SWANK'),
(10, 'CHRISTIAN', 'GABLE'),
(11, 'Itzel', 'Moyer'),
(12, 'Thalia', 'Hernandez'),
(13, 'Myla', 'Craig'),
(14, 'Jazmine', 'Alvarez'),
(15, 'Tristin', 'Banks'),
(16, 'Aliyah', 'Holmes'),
(17, 'Joselyn', 'Curtis'),
(18, 'Harper', 'Walters'),
(19, 'Augustus', 'Kent'),
(20, 'Gaige', 'Compton'),
(21, 'Tommy', 'Ewing'),
(22, 'Denzel', 'Mathis'),
(23, 'Karli', 'Vaughan'),
(24, 'Milagros', 'Tate'),
(25, 'Cordell', 'Richard'),
(26, 'Adrien', 'Miranda'),
(27, 'Denise', 'Wolf'),
(28, 'Genesis', 'Zamora'),
(29, 'Manuel', 'Livingston'),
(30, 'Layla', 'Buckley'),
(31, 'Ishaan', 'Moss'),
(32, 'Gilberto', 'Berry'),
(33, 'Deanna', 'Coffey'),
(34, 'Mckenzie', 'Hutchinson'),
(35, 'Jovanny', 'Webster'),
(36, 'Samantha', 'Peterson'),
(37, 'Mila', 'Frederick'),
(38, 'Jaiden', 'Owens'),
(39, 'Adelyn', 'Boyle'),
(40, 'Jamir', 'Benitez'),
(41, 'Josue', 'Rich'),
(42, 'Mateo', 'Lester'),
(43, 'Alisha', 'Calderon'),
(44, 'Cassidy', 'Miranda'),
(45, 'Jasmin', 'Goodwin'),
(46, 'Yasmin', 'Olsen'),
(47, 'Jacquelyn', 'Jenkins'),
(48, 'Kaylyn', 'Copeland'),
(49, 'Malcolm', 'Potts'),
(50, 'Sanai', 'Greene'),
(51, 'Urijah', 'Hood'),
(52, 'Amara', 'Barr'),
(53, 'Taniyah', 'Mcconnell'),
(54, 'Kaelyn', 'Rangel'),
(55, 'Turner', 'Schmidt'),
(56, 'Lennon', 'Hester'),
(57, 'Brooklyn', 'Banks'),
(58, 'Maleah', 'Oneal'),
(59, 'Natalia', 'Conrad'),
(60, 'Ross', 'Ayers'),
(61, 'Antoine', 'Nicholson'),
(62, 'Rylie', 'Luna'),
(63, 'Ramon', 'Huff'),
(64, 'Celia', 'Nunez'),
(65, 'Tabitha', 'Ho'),
(66, 'Dexter', 'Vargas'),
(67, 'Jimmy', 'Deleon'),
(68, 'Micah', 'Mcintosh'),
(69, 'Franklin', 'Friedman'),
(70, 'Lisa', 'Rodriguez'),
(71, 'Lizbeth', 'Morton'),
(72, 'Johnny', 'Santiago'),
(73, 'Jaron', 'Rowe'),
(74, 'William', 'Pittman'),
(75, 'Trevor', 'Livingston'),
(76, 'Averi', 'Downs'),
(77, 'Jordan', 'Duke'),
(78, 'Kyleigh', 'Rollins'),
(79, 'Jude', 'Galloway'),
(80, 'Marcy', 'Cruz'),
(81, 'Reed', 'Foster'),
(82, 'Mauricio', 'Wiggins'),
(83, 'Dax', 'Santiago'),
(84, 'Lorelai', 'Willis'),
(85, 'Aditya', 'Richardson'),
(86, 'Nylah', 'Horn'),
(87, 'Jace', 'Duran'),
(88, 'Ramiro', 'Andrade'),
(89, 'Jasmine', 'Glover'),
(90, 'Freddy', 'Simon'),
(91, 'Ray', 'Jarvis'),
(92, 'Rylee', 'Duncan'),
(93, 'Kadyn', 'Gentry'),
(94, 'Chandler', 'Hart'),
(95, 'Julianne', 'Gallagher'),
(96, 'Rosa', 'Mccullough'),
(97, 'Sofia', 'Perry'),
(98, 'Amir', 'Fuller'),
(99, 'Saul', 'Case'),
(100, 'Itzel', 'Mendoza');

--
-- Dumping data for table `movie_actor`
--

INSERT INTO `movie_actor` (`actor_id`, `movie_id`) VALUES
(1, 1),
(10, 1),
(5, 19),
(1, 23),
(4, 23),
(1, 25),
(4, 25),
(7, 25),
(6, 29),
(9, 30),
(2, 31),
(3, 42),
(4, 56),
(6, 60),
(7, 67),
(4, 79),
(2, 105),
(6, 112),
(1, 140),
(2, 145),
(6, 164),
(6, 165),
(7, 170),
(5, 172),
(7, 173),
(8, 179),
(9, 191),
(10, 191),
(6, 193),
(9, 200),
(5, 202),
(5, 203),
(9, 204),
(7, 218),
(7, 225),
(10, 236),
(2, 249),
(10, 251),
(8, 255),
(8, 263),
(5, 286),
(5, 288),
(3, 289),
(7, 292),
(2, 314),
(3, 329),
(3, 336),
(3, 341),
(1, 361),
(10, 366),
(2, 369),
(5, 369),
(4, 379),
(5, 383),
(3, 393),
(4, 398),
(9, 434),
(1, 438),
(3, 441),
(3, 453),
(10, 477),
(3, 480),
(10, 480),
(2, 481),
(5, 503),
(6, 503),
(1, 506),
(9, 514),
(6, 517),
(2, 518),
(6, 519),
(10, 522),
(3, 539),
(2, 540),
(2, 550),
(7, 554),
(8, 554),
(2, 555),
(5, 571),
(4, 616),
(3, 618),
(7, 618),
(7, 633),
(7, 637),
(5, 665),
(4, 691),
(7, 691),
(6, 692),
(10, 703),
(4, 714),
(4, 721),
(5, 730),
(5, 732),
(7, 758),
(7, 770),
(8, 771),
(10, 782),
(4, 798),
(7, 806),
(2, 811),
(5, 811),
(9, 811),
(6, 826),
(5, 841),
(7, 846),
(4, 858),
(8, 859),
(5, 865),
(9, 865),
(9, 873),
(8, 895),
(7, 900),
(7, 901),
(6, 902),
(9, 903),
(10, 914),
(4, 924),
(9, 926),
(10, 929),
(10, 930),
(8, 936),
(1, 939),
(7, 957),
(9, 964),
(10, 964),
(3, 966),
(10, 966),
(3, 967),
(1, 970),
(3, 971),
(9, 974);

--
-- Dumping data for table `movie_category`
--
INSERT INTO `movie_category` (`movie_id`, `category_id`) VALUES
(19, 1),
(29, 1),
(56, 1),
(67, 1),
(105, 1),
(292, 1),
(329, 1),
(732, 1),
(964, 1),
(23, 2),
(193, 2),
(314, 2),
(692, 2),
(703, 2),
(859, 2),
(865, 2),
(901, 2),
(191, 3),
(873, 3),
(60, 4),
(249, 4),
(341, 4),
(480, 4),
(554, 4),
(633, 4),
(895, 4),
(970, 4),
(202, 5),
(522, 5),
(555, 5),
(858, 5),
(939, 5),
(1, 6),
(164, 6),
(336, 6),
(393, 6),
(441, 6),
(571, 6),
(616, 6),
(926, 6),
(966, 6),
(79, 7),
(172, 7),
(173, 7),
(179, 7),
(204, 7),
(218, 7),
(225, 7),
(366, 7),
(379, 7),
(514, 7),
(539, 7),
(618, 7),
(758, 7),
(771, 7),
(31, 8),
(145, 8),
(550, 8),
(112, 9),
(170, 9),
(770, 9),
(900, 9),
(929, 9),
(957, 9),
(971, 9),
(200, 10),
(236, 10),
(438, 10),
(30, 11),
(506, 11),
(665, 11),
(255, 12),
(398, 12),
(477, 12),
(540, 12),
(721, 12),
(936, 12),
(25, 13),
(251, 13),
(289, 13),
(481, 13),
(730, 13),
(806, 13),
(846, 13),
(974, 13),
(140, 14),
(165, 14),
(203, 14),
(369, 14),
(637, 14),
(714, 14),
(798, 14),
(924, 14),
(930, 14),
(967, 14),
(42, 15),
(263, 15),
(361, 15),
(383, 15),
(453, 15),
(503, 15),
(517, 15),
(519, 15),
(691, 15),
(782, 15),
(841, 15),
(902, 15),
(286, 16),
(288, 16),
(434, 16),
(518, 16),
(811, 16),
(826, 16),
(903, 16),
(914, 16);

-- ----------------------------------------------------------------
-- INVENTORY
-- ----------------------------------------------------------------

--
-- Dumping data for table `episode_actor`
--
INSERT INTO `episode_actor` (`episode_id`, `actor_id`) VALUES
(16, 1),
(180, 1),
(32, 4),
(89, 6),
(4, 9),
(160, 12),
(9, 13),
(47, 13),
(69, 25),
(180, 41),
(59, 52),
(48, 54),
(5, 67),
(199, 69),
(83, 90),
(47, 91),
(177, 94),
(121, 96),
(177, 154),
(79, 156),
(66, 189),
(23, 210),
(32, 225),
(160, 234),
(9, 245),
(44, 256),
(21, 275),
(9, 298),
(16, 320),
(125, 420),
(168, 423),
(39, 430),
(10, 435),
(77, 503),
(99, 512),
(60, 526),
(125, 654),
(60, 709),
(135, 733),
(39, 763),
(66, 763),
(5, 765),
(10, 845),
(59, 854),
(168, 893),
(99, 937),
(69, 956),
(83, 984),
(79, 993),
(86, 1234),
(54, 1290),
(123, 2222),
(135, 2340),
(80, 2370),
(54, 2378),
(123, 3333),
(39, 3457),
(140, 4444),
(89, 4545),
(49, 5134),
(199, 5555),
(160, 6254),
(77, 6574),
(9, 6666),
(45, 6969),
(80, 7373),
(21, 7777),
(23, 8484),
(86, 8637),
(44, 8745),
(121, 8888),
(1, 9129),
(4, 9184),
(38, 9546),
(45, 9585),
(6, 9865);

--
-- Dumping data for table `rental`
--
INSERT INTO `rental` (`rental_id`, `rental_date`, `inventory_id`, `user_id`) VALUES
(148, '2005-05-26 00:25:23', 4252, 142),
(213, '2005-05-26 08:44:08', 1505, 394),
(424, '2005-05-27 15:34:01', 2815, 35),
(506, '2005-05-28 02:09:19', 667, 469),
(756, '2005-05-29 10:28:45', 3152, 201),
(772, '2005-05-29 13:08:06', 3319, 556),
(874, '2005-05-30 05:36:21', 363, 52),
(882, '2005-05-30 06:16:06', 3841, 477),
(889, '2005-05-30 07:14:53', 1299, 114),
(936, '2005-05-30 13:52:49', 901, 469),
(1083, '2005-05-31 11:04:48', 2393, 556),
(1182, '2005-06-15 00:45:21', 1061, 196),
(1194, '2005-06-15 01:25:08', 3774, 402),
(1287, '2005-06-15 08:41:38', 4204, 104),
(1313, '2005-06-15 10:18:34', 1657, 448),
(1355, '2005-06-15 13:13:59', 4203, 499),
(1823, '2005-06-16 21:48:16', 3871, 448),
(2029, '2005-06-17 13:10:59', 914, 512),
(2047, '2005-06-17 14:40:58', 2371, 201),
(2621, '2005-06-19 08:07:31', 1746, 439),
(2676, '2005-06-19 11:54:57', 3938, 477),
(2818, '2005-06-19 20:05:52', 2376, 497),
(2862, '2005-06-19 23:47:24', 4260, 52),
(2913, '2005-06-20 03:42:27', 3456, 402),
(2986, '2005-06-20 08:50:28', 478, 556),
(3025, '2005-06-20 11:46:48', 1309, 293),
(3342, '2005-06-21 10:46:36', 2884, 196),
(3492, '2005-07-05 23:44:37', 980, 142),
(3526, '2005-07-06 01:03:29', 3871, 469),
(3696, '2005-07-06 10:04:55', 3244, 497),
(3924, '2005-07-06 20:38:02', 187, 114),
(3993, '2005-07-06 23:37:06', 1061, 525),
(4095, '2005-07-07 06:01:48', 2900, 33),
(4172, '2005-07-07 09:49:09', 1158, 309),
(4206, '2005-07-07 11:32:16', 1557, 448),
(4218, '2005-07-07 12:10:24', 152, 497),
(4237, '2005-07-07 13:16:55', 3773, 477),
(4283, '2005-07-07 15:29:35', 2807, 477),
(4372, '2005-07-07 20:09:01', 2207, 252),
(4497, '2005-07-08 01:51:32', 1995, 142),
(4540, '2005-07-08 04:03:28', 4160, 309),
(4693, '2005-07-08 11:07:36', 1694, 221),
(5462, '2005-07-09 22:56:53', 871, 583),
(5664, '2005-07-10 08:04:41', 2375, 469),
(6059, '2005-07-11 04:03:54', 1437, 394),
(6197, '2005-07-11 12:09:51', 4156, 596),
(6283, '2005-07-11 16:47:32', 3319, 402),
(6985, '2005-07-27 00:57:42', 1834, 448),
(7132, '2005-07-27 06:28:34', 3201, 227),
(7168, '2005-07-27 07:51:11', 6, 252),
(7462, '2005-07-27 18:47:47', 878, 114),
(7531, '2005-07-27 21:19:34', 2393, 221),
(7627, '2005-07-28 00:56:47', 782, 52),
(8316, '2005-07-29 03:38:49', 4118, 549),
(8417, '2005-07-29 06:53:36', 750, 227),
(8452, '2005-07-29 07:45:00', 4312, 16),
(8686, '2005-07-29 16:17:49', 4160, 52),
(9029, '2005-07-30 06:03:11', 2220, 52),
(9196, '2005-07-30 12:30:19', 4298, 251),
(9721, '2005-07-31 08:28:46', 3942, 196),
(10093, '2005-07-31 20:30:32', 3943, 162),
(10800, '2005-08-01 22:07:44', 507, 583),
(11042, '2005-08-02 06:04:33', 4149, 439),
(11693, '2005-08-17 06:56:56', 793, 221),
(11700, '2005-08-17 07:12:31', 2365, 104),
(11798, '2005-08-17 11:21:43', 3974, 448),
(11802, '2005-08-17 11:32:51', 2815, 221),
(11920, '2005-08-17 16:10:19', 4253, 402),
(11964, '2005-08-17 17:37:03', 2225, 309),
(12099, '2005-08-17 22:38:54', 1743, 195),
(12123, '2005-08-17 23:22:18', 361, 497),
(12666, '2005-08-18 19:11:41', 4156, 251),
(12684, '2005-08-18 19:51:27', 978, 196),
(13121, '2005-08-19 11:51:39', 3517, 251),
(13250, '2005-08-19 16:47:55', 2524, 448),
(13502, '2005-08-20 01:58:15', 1324, 309),
(13799, '2005-08-20 12:36:42', 4413, 196),
(13958, '2005-08-20 18:11:44', 2380, 33),
(14176, '2005-08-21 03:09:23', 4420, 556),
(14417, '2005-08-21 11:13:35', 1768, 596),
(14623, '2005-08-21 18:29:13', 901, 33),
(14656, '2005-08-21 19:39:28', 4205, 201),
(14846, '2005-08-22 02:13:48', 3840, 309),
(15091, '2005-08-22 11:34:43', 2092, 477),
(15125, '2005-08-22 12:53:22', 3942, 221),
(15186, '2005-08-22 15:52:57', 1323, 104),
(15258, '2005-08-22 18:22:44', 788, 293),
(15422, '2005-08-22 23:58:09', 2601, 309),
(15528, '2005-08-23 03:45:40', 3033, 114),
(15919, '2005-08-23 18:01:31', 1746, 497),
(16040, '2005-08-23 22:19:33', 3524, 195),
(12786, '2006-02-14 15:16:03', 97, 512),
(12698, '2006-02-14 15:16:03', 3657, 497),
(12001, '2006-02-14 15:16:03', 4158, 52);

-- -----------------------------------------------------------------------------------
-- `PRICE_LIST`
-- -----------------------------------------------------------------------------------

--
-- Dumping data for table `payment`
--

INSERT INTO `payment` (`payment_id`, `user_id`, `rental_id`, `amount`, `payment_date`) VALUES
(434, 16, 8452, '5.99', '2005-07-29 07:45:00'),
(910, 33, 4095, '5.99', '2005-07-07 06:01:48'),
(922, 33, 13958, '7.99', '2005-08-20 18:11:44'),
(924, 33, 14623, '0.99', '2005-08-21 18:29:13'),
(953, 35, 424, '6.99', '2005-05-27 15:34:01'),
(1425, 52, 874, '0.99', '2005-05-30 05:36:21'),
(1428, 52, 2862, '2.99', '2005-06-19 23:47:24'),
(1437, 52, 7627, '4.99', '2005-07-28 00:56:47'),
(1438, 52, 8686, '4.99', '2005-07-29 16:17:49'),
(1439, 52, 9029, '4.99', '2005-07-30 06:03:11'),
(1453, 52, 12001, '4.99', '2006-02-14 15:16:03'),
(2802, 104, 1287, '3.99', '2005-06-15 08:41:38'),
(2816, 104, 11700, '2.99', '2005-08-17 07:12:31'),
(2823, 104, 15186, '0.99', '2005-08-22 15:52:57'),
(3060, 114, 889, '2.99', '2005-05-30 07:14:53'),
(3066, 114, 3924, '2.99', '2005-07-06 20:38:02'),
(3074, 114, 7462, '2.99', '2005-07-27 18:47:47'),
(3087, 114, 15528, '2.99', '2005-08-23 03:45:40'),
(3832, 142, 148, '0.99', '2005-05-26 00:25:23'),
(3836, 142, 3492, '2.99', '2005-07-05 23:44:37'),
(3837, 142, 4497, '4.99', '2005-07-08 01:51:32'),
(4416, 162, 10093, '5.99', '2005-07-31 20:30:32'),
(5276, 195, 12099, '0.99', '2005-08-17 22:38:54'),
(5280, 195, 16040, '11.99', '2005-08-23 22:19:33'),
(5285, 196, 1182, '5.99', '2005-06-15 00:45:21'),
(5292, 196, 3342, '4.99', '2005-06-21 10:46:36'),
(5304, 196, 9721, '6.99', '2005-07-31 08:28:46'),
(5310, 196, 12684, '0.99', '2005-08-18 19:51:27'),
(5312, 196, 13799, '8.99', '2005-08-20 12:36:42'),
(5447, 201, 756, '5.99', '2005-05-29 10:28:45'),
(5448, 201, 2047, '1.99', '2005-06-17 14:40:58'),
(5466, 201, 14656, '2.99', '2005-08-21 19:39:28'),
(5983, 221, 4693, '6.99', '2005-07-08 11:07:36'),
(5988, 221, 7531, '8.99', '2005-07-27 21:19:34'),
(5994, 221, 11693, '4.99', '2005-08-17 06:56:56'),
(5995, 221, 11802, '2.99', '2005-08-17 11:32:51'),
(6002, 221, 15125, '8.99', '2005-08-22 12:53:22'),
(6121, 227, 7132, '7.99', '2005-07-27 06:28:34'),
(6125, 227, 8417, '4.99', '2005-07-29 06:53:36'),
(6775, 251, 9196, '2.99', '2005-07-30 12:30:19'),
(6780, 251, 12666, '4.99', '2005-08-18 19:11:41'),
(6781, 251, 13121, '2.99', '2005-08-19 11:51:39'),
(6793, 252, 4372, '0.99', '2005-07-07 20:09:01'),
(6799, 252, 7168, '0.99', '2005-07-27 07:51:11'),
(7929, 293, 3025, '2.99', '2005-06-20 11:46:48'),
(7949, 293, 15258, '4.99', '2005-08-22 18:22:44'),
(8389, 309, 4172, '4.99', '2005-07-07 09:49:09'),
(8390, 309, 4540, '4.99', '2005-07-08 04:03:28'),
(8406, 309, 11964, '6.99', '2005-08-17 17:37:03'),
(8408, 309, 13502, '0.99', '2005-08-20 01:58:15'),
(8410, 309, 14846, '5.99', '2005-08-22 02:13:48'),
(8411, 309, 15422, '4.99', '2005-08-22 23:58:09'),
(10672, 394, 213, '3.99', '2005-05-26 08:44:08'),
(10681, 394, 6059, '4.99', '2005-07-11 04:03:54'),
(10857, 402, 1194, '4.99', '2005-06-15 01:25:08'),
(10859, 402, 2913, '2.99', '2005-06-20 03:42:27'),
(10867, 402, 6283, '3.99', '2005-07-11 16:47:32'),
(10874, 402, 11920, '0.99', '2005-08-17 16:10:19'),
(11835, 439, 2621, '2.99', '2005-06-19 08:07:31'),
(11852, 439, 11042, '6.99', '2005-08-02 06:04:33'),
(12087, 448, 1313, '5.99', '2005-06-15 10:18:34'),
(12088, 448, 1823, '7.99', '2005-06-16 21:48:16'),
(12095, 448, 4206, '2.99', '2005-07-07 11:32:16'),
(12100, 448, 6985, '4.99', '2005-07-27 00:57:42'),
(12103, 448, 11798, '9.99', '2005-08-17 11:21:43'),
(12106, 448, 13250, '3.99', '2005-08-19 16:47:55'),
(12651, 469, 506, '7.99', '2005-05-28 02:09:19'),
(12653, 469, 936, '1.99', '2005-05-30 13:52:49'),
(12658, 469, 3526, '10.99', '2005-07-06 01:03:29'),
(12663, 469, 5664, '6.99', '2005-07-10 08:04:41'),
(12885, 477, 882, '2.99', '2005-05-30 06:16:06'),
(12889, 477, 2676, '4.99', '2005-06-19 11:54:57'),
(12890, 477, 4237, '5.99', '2005-07-07 13:16:55'),
(12891, 477, 4283, '2.99', '2005-07-07 15:29:35'),
(12905, 477, 15091, '2.99', '2005-08-22 11:34:43'),
(13381, 497, 2818, '4.99', '2005-06-19 20:05:52'),
(13382, 497, 3696, '2.99', '2005-07-06 10:04:55'),
(13383, 497, 4218, '7.99', '2005-07-07 12:10:24'),
(13397, 497, 12123, '0.99', '2005-08-17 23:22:18'),
(13403, 497, 15919, '0.99', '2005-08-23 18:01:31'),
(13404, 497, 12698, '4.99', '2006-02-14 15:16:03'),
(13433, 499, 1355, '2.99', '2005-06-15 13:13:59'),
(13782, 512, 2029, '4.99', '2005-06-17 13:10:59'),
(13806, 512, 12786, '0.99', '2006-02-14 15:16:03'),
(14119, 525, 3993, '6.99', '2005-07-06 23:37:06'),
(14738, 549, 8316, '4.99', '2005-07-29 03:38:49'),
(14891, 556, 772, '5.99', '2005-05-29 13:08:06'),
(14892, 556, 1083, '3.99', '2005-05-31 11:04:48'),
(14895, 556, 2986, '0.99', '2005-06-20 08:50:28'),
(14909, 556, 14176, '2.99', '2005-08-21 03:09:23'),
(15623, 583, 5462, '0.99', '2005-07-09 22:56:53'),
(15633, 583, 10800, '4.99', '2005-08-01 22:07:44'),
(15967, 596, 6197, '4.99', '2005-07-11 12:09:51'),
(15980, 596, 14417, '0.99', '2005-08-21 11:13:35');